#node1	node2	node1_string_internal_id	node2_string_internal_id	node1_external_id	node2_external_id	neighborhood_on_chromosome	gene_fusion	phylogenetic_cooccurrence	homology	coexpression	experimentally_determined_interaction	database_annotated	automated_textmining	combined_score
Physo108569	Physo108358	8189597	8189428	67593.Physo108569	67593.Physo108358	0.308	0	0	0	0.964	0.923	0	0.850	0.999
Physo133404	Physo108612	8196769	8189630	67593.Physo133404	67593.Physo108612	0.150	0	0	0	0.964	0.683	0	0.851	0.998
Physo157949	Physo141213	8207815	8203188	67593.Physo157949	67593.Physo141213	0	0	0	0	0.964	0.782	0	0.668	0.997
Physo157949	Physo108456	8207815	8189509	67593.Physo157949	67593.Physo108456	0	0	0	0	0.964	0.693	0	0.733	0.996
Physo134045	Physo132002	8197334	8195599	67593.Physo134045	67593.Physo132002	0	0	0	0	0.746	0.688	0.800	0.732	0.995
Physo141213	Physo108456	8203188	8189509	67593.Physo141213	67593.Physo108456	0	0	0	0	0.953	0.805	0	0.291	0.992
Physo108701	Physo108569	8189704	8189597	67593.Physo108701	67593.Physo108569	0	0	0.265	0	0.806	0.895	0	0.340	0.988
Physo130224	Physo108701	8194158	8189704	67593.Physo130224	67593.Physo108701	0	0	0	0	0.746	0.699	0.600	0.569	0.985
Physo141213	Physo130074	8203188	8194037	67593.Physo141213	67593.Physo130074	0	0	0	0	0.964	0.116	0	0.257	0.974
Physo141008	Physo108456	8203027	8189509	67593.Physo141008	67593.Physo108456	0	0	0	0	0.964	0.059	0	0.191	0.970
Physo141008	Physo130074	8203027	8194037	67593.Physo141008	67593.Physo130074	0	0	0	0	0.964	0.163	0	0.070	0.969
Physo130074	Physo108456	8194037	8189509	67593.Physo130074	67593.Physo108456	0	0	0	0	0.964	0.161	0	0.072	0.969
Physo141213	Physo141008	8203188	8203027	67593.Physo141213	67593.Physo141008	0	0	0	0	0.964	0	0	0.125	0.967
Physo157949	Physo141008	8207815	8203027	67593.Physo157949	67593.Physo141008	0	0	0	0	0.964	0.060	0	0.125	0.967
Physo157949	Physo130074	8207815	8194037	67593.Physo157949	67593.Physo130074	0	0	0	0	0.964	0.070	0	0	0.965
Physo143715	Physo130074	8205220	8194037	67593.Physo143715	67593.Physo130074	0	0	0	0	0.964	0.063	0	0.062	0.965
Physo143715	Physo141213	8205220	8203188	67593.Physo143715	67593.Physo141213	0	0	0	0	0.948	0	0	0.234	0.958
Physo157949	Physo143715	8207815	8205220	67593.Physo157949	67593.Physo143715	0	0	0	0	0.929	0.124	0	0.234	0.948
Physo140562	Physo121115	8202657	8191106	67593.Physo140562	67593.Physo121115	0.072	0	0.418	0	0	0	0.900	0.142	0.947
Physo108569	Physo108456	8189597	8189509	67593.Physo108569	67593.Physo108456	0	0	0	0	0.131	0.699	0	0.813	0.946
Physo157550	Physo144477	8207670	8205845	67593.Physo157550	67593.Physo144477	0	0	0	0	0.104	0	0.900	0.393	0.940
Physo143715	Physo108456	8205220	8189509	67593.Physo143715	67593.Physo108456	0	0	0	0	0.818	0.147	0	0.644	0.939
Physo156262	Physo108456	8207200	8189509	67593.Physo156262	67593.Physo108456	0	0	0	0	0.811	0.498	0	0.157	0.913
Physo128672	Physo108342	8192993	8189416	67593.Physo128672	67593.Physo108342	0	0	0	0	0.209	0.316	0	0.851	0.912
Physo143715	Physo141008	8205220	8203027	67593.Physo143715	67593.Physo141008	0	0	0	0	0.882	0	0	0.260	0.908
Physo141213	Physo139485	8203188	8201762	67593.Physo141213	67593.Physo139485	0	0	0	0	0.786	0.498	0	0.182	0.904
Physo109278	Physo108497	8190173	8189540	67593.Physo109278	67593.Physo108497	0	0	0	0	0.052	0.689	0	0.587	0.867
Physo156262	Physo130074	8207200	8194037	67593.Physo156262	67593.Physo130074	0	0	0	0	0.819	0.150	0	0.193	0.864
Physo136496	Physo108380	8199306	8189445	67593.Physo136496	67593.Physo108380	0	0	0	0	0.129	0.664	0	0.571	0.863
Physo135412	Physo108456	8198381	8189509	67593.Physo135412	67593.Physo108456	0	0	0	0	0.644	0.115	0	0.588	0.858
Physo141008	Physo108358	8203027	8189428	67593.Physo141008	67593.Physo108358	0	0	0	0	0.478	0.685	0	0.190	0.855
Physo136578	Physo135200	8199366	8198220	67593.Physo136578	67593.Physo135200	0	0	0	0	0	0	0	0.853	0.853
Physo135412	Physo130074	8198381	8194037	67593.Physo135412	67593.Physo130074	0	0	0	0	0.644	0.123	0	0.540	0.843
Physo130224	Physo108569	8194158	8189597	67593.Physo130224	67593.Physo108569	0	0	0	0	0.212	0.721	0	0.343	0.842
Physo156262	Physo141008	8207200	8203027	67593.Physo156262	67593.Physo141008	0	0	0	0	0.802	0.157	0	0.132	0.842
Physo135687	Physo130468	8198628	8194322	67593.Physo135687	67593.Physo130468	0.083	0	0	0	0.196	0.143	0.650	0.392	0.841
Physo141213	Physo135412	8203188	8198381	67593.Physo141213	67593.Physo135412	0	0	0	0	0.744	0.391	0	0.053	0.839
Physo141213	Physo108881	8203188	8189843	67593.Physo141213	67593.Physo108881	0	0	0	0	0.808	0	0	0.093	0.818
Physo133404	Physo108701	8196769	8189704	67593.Physo133404	67593.Physo108701	0.074	0	0.221	0	0.639	0	0	0.386	0.818
Physo141008	Physo139485	8203027	8201762	67593.Physo141008	67593.Physo139485	0	0	0	0	0.815	0	0	0	0.815
Physo108456	Physo108304	8189509	8189388	67593.Physo108456	67593.Physo108304	0	0	0	0	0.644	0	0	0.495	0.812
Physo109580	Physo108456	8190427	8189509	67593.Physo109580	67593.Physo108456	0	0	0	0	0.644	0	0	0.495	0.812
Physo141213	Physo130224	8203188	8194158	67593.Physo141213	67593.Physo130224	0	0	0	0	0.807	0	0	0	0.807
Physo130074	Physo108358	8194037	8189428	67593.Physo130074	67593.Physo108358	0	0	0	0	0.760	0.189	0	0.085	0.806
Physo157394	Physo128245	8207617	8192648	67593.Physo157394	67593.Physo128245	0	0	0	0.696	0	0	0.800	0	0.800
Physo109580	Physo108304	8190427	8189388	67593.Physo109580	67593.Physo108304	0	0	0	0.896	0	0	0.800	0	0.800
Physo157949	Physo108881	8207815	8189843	67593.Physo157949	67593.Physo108881	0	0	0	0	0.793	0	0	0.067	0.798
Physo156262	Physo141213	8207200	8203188	67593.Physo156262	67593.Physo141213	0	0	0	0	0.567	0.498	0	0.125	0.793
Physo140526	Physo135200	8202631	8198220	67593.Physo140526	67593.Physo135200	0	0	0	0	0.101	0.130	0	0.755	0.791
Physo141008	Physo109580	8203027	8190427	67593.Physo141008	67593.Physo109580	0	0	0	0	0.741	0	0	0.218	0.788
Physo141008	Physo108304	8203027	8189388	67593.Physo141008	67593.Physo108304	0	0	0	0	0.741	0	0	0.218	0.788
Physo135274	Physo135012	8198273	8198063	67593.Physo135274	67593.Physo135012	0	0	0	0	0.104	0.679	0	0.291	0.778
Physo157949	Physo156262	8207815	8207200	67593.Physo157949	67593.Physo156262	0	0	0	0	0.749	0	0	0.125	0.770
Physo130074	Physo123541	8194037	8191226	67593.Physo130074	67593.Physo123541	0.081	0	0	0	0.637	0.300	0	0.131	0.769
Physo135200	Physo128498	8198220	8192857	67593.Physo135200	67593.Physo128498	0	0	0	0	0.045	0.099	0	0.748	0.764
Physo139485	Physo108456	8201762	8189509	67593.Physo139485	67593.Physo108456	0	0	0	0	0.760	0	0	0	0.760
Physo141008	Physo123541	8203027	8191226	67593.Physo141008	67593.Physo123541	0.087	0	0	0	0.639	0.163	0	0.191	0.746
Physo129478	Physo108857	8193581	8189826	67593.Physo129478	67593.Physo108857	0	0	0	0	0.309	0	0	0.645	0.744
Physo157949	Physo123541	8207815	8191226	67593.Physo157949	67593.Physo123541	0	0	0	0	0.638	0.060	0	0.305	0.742
Physo158462	Physo136746	8208010	8199514	67593.Physo158462	67593.Physo136746	0	0	0	0	0.110	0.135	0.650	0.125	0.732
Physo140785	Physo136578	8202857	8199366	67593.Physo140785	67593.Physo136578	0	0	0	0	0.293	0	0	0.637	0.732
Physo143715	Physo139485	8205220	8201762	67593.Physo143715	67593.Physo139485	0	0	0	0	0.641	0	0	0.283	0.731
Physo123541	Physo108456	8191226	8189509	67593.Physo123541	67593.Physo108456	0	0	0	0	0.505	0.187	0	0.380	0.728
Physo141213	Physo123541	8203188	8191226	67593.Physo141213	67593.Physo123541	0	0	0	0	0.634	0	0	0.283	0.726
Physo127705	Physo109009	8192207	8189948	67593.Physo127705	67593.Physo109009	0	0	0	0	0.129	0.315	0	0.571	0.721
Physo128935	Physo119319	8193212	8191021	67593.Physo128935	67593.Physo119319	0	0	0	0	0.045	0.643	0	0.238	0.717
Physo108881	Physo108569	8189843	8189597	67593.Physo108881	67593.Physo108569	0.169	0	0	0	0.351	0.349	0	0.287	0.716
Physo139746	Physo136746	8201985	8199514	67593.Physo139746	67593.Physo136746	0	0	0	0	0.065	0.128	0.650	0.125	0.716
Physo142042	Physo129624	8203863	8193707	67593.Physo142042	67593.Physo129624	0	0	0	0	0	0	0	0.708	0.708
Physo130074	Physo109580	8194037	8190427	67593.Physo130074	67593.Physo109580	0	0	0	0	0.644	0.062	0	0.192	0.706
Physo130074	Physo108304	8194037	8189388	67593.Physo130074	67593.Physo108304	0	0	0	0	0.644	0.062	0	0.192	0.706
Physo141213	Physo108304	8203188	8189388	67593.Physo141213	67593.Physo108304	0	0	0	0	0.666	0	0	0.147	0.702
Physo141213	Physo109580	8203188	8190427	67593.Physo141213	67593.Physo109580	0	0	0	0	0.666	0	0	0.147	0.702
Physo131860	Physo130074	8195476	8194037	67593.Physo131860	67593.Physo130074	0	0	0.466	0.573	0.483	0.199	0	0.356	0.698
Physo157550	Physo137994	8207670	8200519	67593.Physo157550	67593.Physo137994	0.083	0	0	0	0.049	0	0.650	0.125	0.697
Physo141007	Physo129703	8203026	8193776	67593.Physo141007	67593.Physo129703	0	0	0	0	0.061	0	0	0.687	0.693
Physo135200	Physo109633	8198220	8190473	67593.Physo135200	67593.Physo109633	0	0	0	0	0.045	0.066	0	0.683	0.692
Physo135200	Physo132275	8198220	8195839	67593.Physo135200	67593.Physo132275	0	0	0	0	0.131	0	0	0.661	0.692
Physo135200	Physo128696	8198220	8193012	67593.Physo135200	67593.Physo128696	0	0	0	0	0.131	0	0	0.661	0.692
Physo139993	Physo108569	8202192	8189597	67593.Physo139993	67593.Physo108569	0	0	0	0	0.069	0.682	0	0	0.691
Physo139485	Physo130074	8201762	8194037	67593.Physo139485	67593.Physo130074	0	0	0	0	0.638	0.158	0	0.066	0.690
Physo109716	Physo108701	8190542	8189704	67593.Physo109716	67593.Physo108701	0	0	0.372	0	0.509	0	0	0.069	0.687
Physo143715	Physo135412	8205220	8198381	67593.Physo143715	67593.Physo135412	0	0	0	0	0.644	0.157	0	0	0.687
Physo135200	Physo129624	8198220	8193707	67593.Physo135200	67593.Physo129624	0	0	0	0	0.633	0.096	0	0.131	0.686
Physo136746	Physo120543	8199514	8191084	67593.Physo136746	67593.Physo120543	0	0	0	0	0.051	0.108	0.650	0.055	0.682
Physo136746	Physo135799	8199514	8198720	67593.Physo136746	67593.Physo135799	0	0	0	0	0.051	0.108	0.650	0.056	0.682
Physo135200	Physo109009	8198220	8189948	67593.Physo135200	67593.Physo109009	0	0	0	0	0.055	0	0	0.668	0.672
Physo136856	Physo108569	8199595	8189597	67593.Physo136856	67593.Physo108569	0	0	0	0	0.204	0	0	0.588	0.658
Physo128245	Physo119319	8192648	8191021	67593.Physo128245	67593.Physo119319	0	0	0	0	0.045	0.133	0.600	0.079	0.654
Physo157394	Physo119319	8207617	8191021	67593.Physo157394	67593.Physo119319	0	0	0	0	0.045	0.133	0.600	0.079	0.654
Physo137994	Physo108331	8200519	8189408	67593.Physo137994	67593.Physo108331	0	0	0	0	0	0	0.650	0	0.650
Physo135412	Physo108881	8198381	8189843	67593.Physo135412	67593.Physo108881	0	0	0	0	0.632	0.057	0	0.073	0.650
Physo143759	Physo137994	8205255	8200519	67593.Physo143759	67593.Physo137994	0	0	0	0	0	0	0.650	0	0.650
Physo130224	Physo108218	8194158	8189318	67593.Physo130224	67593.Physo108218	0	0	0	0	0	0	0	0.645	0.645
Physo139485	Physo129738	8201762	8193803	67593.Physo139485	67593.Physo129738	0	0	0	0	0.104	0.107	0	0.591	0.644
Physo123541	Physo108358	8191226	8189428	67593.Physo123541	67593.Physo108358	0.231	0	0	0	0.502	0.116	0	0.072	0.643
Physo143715	Physo109580	8205220	8190427	67593.Physo143715	67593.Physo109580	0	0	0	0	0.643	0	0	0	0.643
Physo143715	Physo108304	8205220	8189388	67593.Physo143715	67593.Physo108304	0	0	0	0	0.643	0	0	0	0.643
Physo157949	Physo109580	8207815	8190427	67593.Physo157949	67593.Physo109580	0	0	0	0	0.641	0	0	0	0.641
Physo157949	Physo108304	8207815	8189388	67593.Physo157949	67593.Physo108304	0	0	0	0	0.641	0	0	0	0.641
Physo141008	Physo130224	8203027	8194158	67593.Physo141008	67593.Physo130224	0	0	0	0	0.640	0	0	0	0.640
Physo141008	Physo135412	8203027	8198381	67593.Physo141008	67593.Physo135412	0	0	0	0	0.639	0	0	0	0.639
Physo128935	Physo128245	8193212	8192648	67593.Physo128935	67593.Physo128245	0	0	0	0	0.142	0.447	0	0.292	0.634
Physo128935	Physo116046	8193212	8190885	67593.Physo128935	67593.Physo116046	0	0	0	0	0.142	0.447	0	0.292	0.634
Physo128935	Physo118492	8193212	8190982	67593.Physo128935	67593.Physo118492	0	0	0	0	0.142	0.447	0	0.292	0.634
Physo128935	Physo108948	8193212	8189900	67593.Physo128935	67593.Physo108948	0	0	0	0	0.142	0.447	0	0.292	0.634
Physo128935	Physo122771	8193212	8191197	67593.Physo128935	67593.Physo122771	0	0	0	0	0.142	0.447	0	0.292	0.634
Physo128935	Physo127247	8193212	8191845	67593.Physo128935	67593.Physo127247	0	0	0	0	0.142	0.447	0	0.292	0.634
Physo157394	Physo128935	8207617	8193212	67593.Physo157394	67593.Physo128935	0	0	0	0	0.142	0.447	0	0.292	0.634
Physo109580	Physo108881	8190427	8189843	67593.Physo109580	67593.Physo108881	0	0	0	0	0.633	0	0	0	0.633
Physo108881	Physo108304	8189843	8189388	67593.Physo108881	67593.Physo108304	0	0	0	0	0.633	0	0	0	0.633
Physo157949	Physo139485	8207815	8201762	67593.Physo157949	67593.Physo139485	0	0	0	0	0.627	0	0	0	0.627
Physo135412	Physo108304	8198381	8189388	67593.Physo135412	67593.Physo108304	0	0	0	0	0.509	0	0	0.270	0.626
Physo135412	Physo109580	8198381	8190427	67593.Physo135412	67593.Physo109580	0	0	0	0	0.509	0	0	0.270	0.626
Physo141686	Physo133655	8203572	8196977	67593.Physo141686	67593.Physo133655	0	0	0	0	0.114	0	0	0.590	0.621
Physo156262	Physo139485	8207200	8201762	67593.Physo156262	67593.Physo139485	0	0	0	0	0.272	0.498	0	0	0.618
Physo139993	Physo131652	8202192	8195326	67593.Physo139993	67593.Physo131652	0.081	0	0	0.543	0.278	0.159	0	0.820	0.618
Physo136856	Physo130224	8199595	8194158	67593.Physo136856	67593.Physo130224	0	0	0	0	0.085	0	0	0.595	0.613
Physo157949	Physo135412	8207815	8198381	67593.Physo157949	67593.Physo135412	0	0	0	0	0.612	0	0	0	0.612
Physo140526	Physo129478	8202631	8193581	67593.Physo140526	67593.Physo129478	0.149	0	0	0	0.119	0.243	0	0.397	0.611
Physo133404	Physo130224	8196769	8194158	67593.Physo133404	67593.Physo130224	0	0	0	0	0.607	0	0	0.049	0.610
Physo108569	Physo108304	8189597	8189388	67593.Physo108569	67593.Physo108304	0	0	0	0	0.108	0	0	0.577	0.606
Physo109580	Physo108569	8190427	8189597	67593.Physo109580	67593.Physo108569	0	0	0	0	0.108	0	0	0.577	0.606
Physo139392	Physo128237	8201678	8192640	67593.Physo139392	67593.Physo128237	0.081	0	0	0	0.105	0	0	0.559	0.605
Physo157722	Physo135200	8207741	8198220	67593.Physo157722	67593.Physo135200	0	0	0	0	0.277	0.155	0	0.394	0.597
Physo136496	Physo134878	8199306	8197965	67593.Physo136496	67593.Physo134878	0	0	0	0	0	0.057	0	0.588	0.594
Physo156769	Physo108894	8207387	8189854	67593.Physo156769	67593.Physo108894	0	0	0	0	0.057	0	0	0.587	0.593
Physo109580	Physo108358	8190427	8189428	67593.Physo109580	67593.Physo108358	0	0	0	0	0.206	0.283	0	0.337	0.589
Physo108358	Physo108304	8189428	8189388	67593.Physo108358	67593.Physo108304	0	0	0	0	0.206	0.283	0	0.337	0.589
Physo135063	Physo128363	8198105	8192742	67593.Physo135063	67593.Physo128363	0	0	0	0	0	0	0	0.588	0.588
Physo143715	Physo123541	8205220	8191226	67593.Physo143715	67593.Physo123541	0	0	0	0	0.293	0.112	0	0.397	0.588
Physo141008	Physo132002	8203027	8195599	67593.Physo141008	67593.Physo132002	0	0	0	0	0.060	0	0	0.576	0.584
Physo132002	Physo130403	8195599	8194283	67593.Physo132002	67593.Physo130403	0	0	0	0	0.558	0.093	0	0	0.581
Physo109716	Physo108780	8190542	8189762	67593.Physo109716	67593.Physo108780	0	0	0	0	0.064	0.523	0	0.131	0.578
Physo141008	Physo131860	8203027	8195476	67593.Physo141008	67593.Physo131860	0	0	0	0	0.502	0.163	0	0.070	0.578
Physo131860	Physo108456	8195476	8189509	67593.Physo131860	67593.Physo108456	0	0	0	0	0.499	0.161	0	0.072	0.575
Physo139485	Physo135412	8201762	8198381	67593.Physo139485	67593.Physo135412	0	0	0	0	0.565	0	0	0	0.565
Physo136613	Physo108497	8199395	8189540	67593.Physo136613	67593.Physo108497	0	0	0	0	0	0	0	0.562	0.562
Physo140526	Physo131857	8202631	8195474	67593.Physo140526	67593.Physo131857	0.146	0	0	0	0.109	0.163	0	0.393	0.561
Physo108612	Physo108569	8189630	8189597	67593.Physo108612	67593.Physo108569	0.226	0	0	0	0.199	0	0	0.350	0.561
Physo140526	Physo108302	8202631	8189386	67593.Physo140526	67593.Physo108302	0.312	0	0	0	0.082	0.139	0	0.281	0.556
Physo143355	Physo128935	8204920	8193212	67593.Physo143355	67593.Physo128935	0	0	0	0	0	0.316	0	0.373	0.552
Physo123541	Physo108304	8191226	8189388	67593.Physo123541	67593.Physo108304	0	0	0	0	0.470	0.126	0	0.110	0.551
Physo123541	Physo109580	8191226	8190427	67593.Physo123541	67593.Physo109580	0	0	0	0	0.470	0.126	0	0.110	0.551
Physo108881	Physo108358	8189843	8189428	67593.Physo108881	67593.Physo108358	0.169	0	0	0	0.320	0	0	0.267	0.549
Physo141008	Physo108881	8203027	8189843	67593.Physo141008	67593.Physo108881	0	0	0	0	0.540	0	0	0	0.540
Physo141213	Physo131860	8203188	8195476	67593.Physo141213	67593.Physo131860	0	0	0	0	0.500	0.116	0	0	0.539
Physo155477	Physo139352	8206894	8201648	67593.Physo155477	67593.Physo139352	0	0	0	0	0.201	0.172	0	0.355	0.536
Physo115990	Physo108358	8190881	8189428	67593.Physo115990	67593.Physo108358	0	0	0	0	0.085	0.344	0	0.290	0.536
Physo143804	Physo139993	8205295	8202192	67593.Physo143804	67593.Physo139993	0	0	0	0	0.191	0.123	0	0.395	0.533
Physo131652	Physo129738	8195326	8193803	67593.Physo131652	67593.Physo129738	0	0	0	0	0.203	0.100	0	0.397	0.529
Physo108456	Physo108358	8189509	8189428	67593.Physo108456	67593.Physo108358	0	0	0	0	0.503	0	0	0.070	0.518
Physo141008	Physo115990	8203027	8190881	67593.Physo141008	67593.Physo115990	0.088	0	0	0	0.130	0.112	0	0.397	0.518
Physo141213	Physo130101	8203188	8194058	67593.Physo141213	67593.Physo130101	0	0	0	0	0.518	0	0	0	0.518
Physo128237	Physo109580	8192640	8190427	67593.Physo128237	67593.Physo109580	0	0	0	0	0.515	0	0	0.046	0.517
Physo128237	Physo108304	8192640	8189388	67593.Physo128237	67593.Physo108304	0	0	0	0	0.515	0	0	0.046	0.517
Physo108701	Physo108612	8189704	8189630	67593.Physo108701	67593.Physo108612	0	0	0	0	0.501	0	0	0.071	0.516
Physo139485	Physo108881	8201762	8189843	67593.Physo139485	67593.Physo108881	0	0	0	0	0.500	0	0	0.071	0.515
Physo138171	Physo108569	8200659	8189597	67593.Physo138171	67593.Physo108569	0	0	0	0	0.288	0.304	0	0.100	0.515
Physo135522	Physo135274	8198478	8198273	67593.Physo135522	67593.Physo135274	0	0	0	0	0.108	0.422	0	0.131	0.512
Physo109516	Physo108701	8190374	8189704	67593.Physo109516	67593.Physo108701	0	0	0	0	0.510	0	0	0	0.510
Physo135412	Physo131860	8198381	8195476	67593.Physo135412	67593.Physo131860	0	0	0	0	0.288	0.123	0	0.278	0.509
Physo130224	Physo108612	8194158	8189630	67593.Physo130224	67593.Physo108612	0	0	0	0	0.480	0.057	0	0.078	0.508
Physo109580	Physo109057	8190427	8189986	67593.Physo109580	67593.Physo109057	0	0	0	0	0	0.219	0	0.394	0.506
Physo109057	Physo108304	8189986	8189388	67593.Physo109057	67593.Physo108304	0	0	0	0	0	0.219	0	0.394	0.506
Physo140526	Physo135522	8202631	8198478	67593.Physo140526	67593.Physo135522	0.097	0	0	0	0.081	0.283	0	0.267	0.505
Physo157949	Physo131860	8207815	8195476	67593.Physo157949	67593.Physo131860	0	0	0	0	0.488	0.070	0	0	0.503
Physo140526	Physo136950	8202631	8199680	67593.Physo140526	67593.Physo136950	0.150	0	0	0	0.056	0.256	0	0.267	0.503
Physo130440	Physo129478	8194302	8193581	67593.Physo130440	67593.Physo129478	0	0	0	0	0.204	0.187	0	0.291	0.501
Physo130101	Physo108358	8194058	8189428	67593.Physo130101	67593.Physo108358	0	0	0	0	0.118	0.271	0	0.284	0.499
Physo141213	Physo108358	8203188	8189428	67593.Physo141213	67593.Physo108358	0	0	0	0	0.500	0	0	0	0.499
Physo141213	Physo139352	8203188	8201648	67593.Physo141213	67593.Physo139352	0	0	0	0	0.498	0	0	0	0.497
Physo137994	Physo108380	8200519	8189445	67593.Physo137994	67593.Physo108380	0	0.496	0	0	0	0	0	0	0.496
Physo129672	Physo122042	8193748	8191154	67593.Physo129672	67593.Physo122042	0	0	0.376	0	0.064	0.132	0	0.123	0.495
Physo140526	Physo129624	8202631	8193707	67593.Physo140526	67593.Physo129624	0.316	0	0	0	0.065	0.227	0	0.100	0.495
Physo130403	Physo129624	8194283	8193707	67593.Physo130403	67593.Physo129624	0	0	0.479	0.682	0.102	0.134	0	0.847	0.492
Physo141008	Physo130101	8203027	8194058	67593.Physo141008	67593.Physo130101	0	0	0	0	0.321	0	0	0.278	0.488
Physo130101	Physo109580	8194058	8190427	67593.Physo130101	67593.Physo109580	0	0	0	0	0.198	0	0	0.386	0.486
Physo130101	Physo108304	8194058	8189388	67593.Physo130101	67593.Physo108304	0	0	0	0	0.198	0	0	0.386	0.486
Physo133473	Physo129624	8196821	8193707	67593.Physo133473	67593.Physo129624	0	0	0.479	0.853	0.204	0.278	0	0.563	0.485
Physo141213	Physo129738	8203188	8193803	67593.Physo141213	67593.Physo129738	0	0	0	0	0.470	0	0	0.068	0.484
Physo145066	Physo135522	8206333	8198478	67593.Physo145066	67593.Physo135522	0	0	0	0	0.082	0.272	0	0.283	0.478
Physo135012	Physo133833	8198063	8197136	67593.Physo135012	67593.Physo133833	0	0	0	0	0.045	0.290	0	0.290	0.476
Physo133404	Physo108881	8196769	8189843	67593.Physo133404	67593.Physo108881	0	0	0.233	0	0.222	0	0	0.192	0.475
Physo138171	Physo108358	8200659	8189428	67593.Physo138171	67593.Physo108358	0	0	0	0	0.213	0.304	0	0.120	0.475
Physo132086	Physo108612	8195673	8189630	67593.Physo132086	67593.Physo108612	0	0	0	0	0.475	0	0	0	0.475
Physo133404	Physo108358	8196769	8189428	67593.Physo133404	67593.Physo108358	0	0	0.247	0	0.186	0	0	0.213	0.475
Physo132002	Physo122042	8195599	8191154	67593.Physo132002	67593.Physo122042	0	0	0	0	0.200	0.159	0	0.282	0.474
Physo140526	Physo133473	8202631	8196821	67593.Physo140526	67593.Physo133473	0.316	0	0	0	0.055	0.227	0	0.073	0.474
Physo128237	Physo108881	8192640	8189843	67593.Physo128237	67593.Physo108881	0	0	0	0	0.468	0	0	0	0.468
Physo136856	Physo136496	8199595	8199306	67593.Physo136856	67593.Physo136496	0	0	0	0	0	0	0	0.466	0.465
Physo132531	Physo129478	8196052	8193581	67593.Physo132531	67593.Physo129478	0	0	0	0	0.045	0.147	0	0.392	0.461
Physo109716	Physo108569	8190542	8189597	67593.Physo109716	67593.Physo108569	0	0	0	0	0.313	0.117	0	0.182	0.460
Physo133004	Physo128935	8196444	8193212	67593.Physo133004	67593.Physo128935	0	0	0	0	0.115	0.304	0	0.193	0.459
Physo140785	Physo111873	8202857	8190699	67593.Physo140785	67593.Physo111873	0	0	0	0	0.167	0.298	0	0.150	0.459
Physo140526	Physo135274	8202631	8198273	67593.Physo140526	67593.Physo135274	0.146	0	0	0	0.109	0.205	0	0.211	0.458
Physo134534	Physo127705	8197704	8192207	67593.Physo134534	67593.Physo127705	0	0	0	0	0.175	0.162	0	0.272	0.452
Physo140785	Physo140526	8202857	8202631	67593.Physo140785	67593.Physo140526	0	0	0	0	0.106	0.302	0	0.191	0.451
Physo140785	Physo135522	8202857	8198478	67593.Physo140785	67593.Physo135522	0	0	0	0	0.047	0.122	0	0.396	0.450
Physo130403	Physo130074	8194283	8194037	67593.Physo130403	67593.Physo130074	0	0	0	0	0.129	0	0	0.394	0.449
Physo139485	Physo131860	8201762	8195476	67593.Physo139485	67593.Physo131860	0	0	0	0	0.289	0.158	0	0.151	0.447
Physo129624	Physo128782	8193707	8193080	67593.Physo129624	67593.Physo128782	0	0	0	0	0.064	0.132	0	0.371	0.444
Physo139352	Physo135412	8201648	8198381	67593.Physo139352	67593.Physo135412	0	0	0	0	0.288	0.172	0	0.131	0.442
Physo133473	Physo132002	8196821	8195599	67593.Physo133473	67593.Physo132002	0.079	0	0	0	0.321	0.115	0	0.110	0.441
Physo139352	Physo130074	8201648	8194037	67593.Physo139352	67593.Physo130074	0	0	0	0	0.295	0.225	0	0.059	0.440
Physo131860	Physo123541	8195476	8191226	67593.Physo131860	67593.Physo123541	0.081	0	0	0	0.234	0.241	0	0.072	0.437
Physo123541	Physo108881	8191226	8189843	67593.Physo123541	67593.Physo108881	0	0	0	0	0.288	0.163	0	0.125	0.433
Physo133473	Physo130403	8196821	8194283	67593.Physo133473	67593.Physo130403	0	0	0.480	0.730	0.205	0.134	0	0.396	0.433
Physo144477	Physo135063	8205845	8198105	67593.Physo144477	67593.Physo135063	0	0	0	0	0.104	0	0	0.393	0.432
Physo136950	Physo129624	8199680	8193707	67593.Physo136950	67593.Physo129624	0	0	0	0	0.055	0.220	0	0.291	0.431
Physo140526	Physo132002	8202631	8195599	67593.Physo140526	67593.Physo132002	0	0	0	0	0.129	0.167	0	0.276	0.428
Physo140526	Physo129465	8202631	8193571	67593.Physo140526	67593.Physo129465	0.317	0	0	0	0.081	0.105	0	0.101	0.427
Physo140526	Physo139518	8202631	8201790	67593.Physo140526	67593.Physo139518	0	0	0	0	0.060	0.306	0	0.193	0.427
Physo156262	Physo143804	8207200	8205295	67593.Physo156262	67593.Physo143804	0	0	0	0	0.128	0.150	0	0.286	0.424
Physo136950	Physo128237	8199680	8192640	67593.Physo136950	67593.Physo128237	0.086	0	0	0	0.064	0.059	0	0.369	0.424
Physo109564	Physo108358	8190413	8189428	67593.Physo109564	67593.Physo108358	0.103	0	0	0	0.158	0.170	0	0.190	0.424
Physo141213	Physo139993	8203188	8202192	67593.Physo141213	67593.Physo139993	0	0	0	0	0.293	0.212	0	0.045	0.421
Physo140526	Physo136011	8202631	8198899	67593.Physo140526	67593.Physo136011	0.245	0	0	0	0	0.158	0	0.163	0.421
Physo140526	Physo127581	8202631	8192098	67593.Physo140526	67593.Physo127581	0	0	0	0	0.055	0.068	0	0.396	0.421
Physo155477	Physo141213	8206894	8203188	67593.Physo155477	67593.Physo141213	0	0	0	0	0.293	0.212	0	0.045	0.421
Physo140526	Physo109516	8202631	8190374	67593.Physo140526	67593.Physo109516	0.347	0	0	0	0.059	0.133	0	0	0.420
Physo123541	Physo108569	8191226	8189597	67593.Physo123541	67593.Physo108569	0.231	0	0	0	0.200	0	0	0.131	0.418
Physo135274	Physo129945	8198273	8193952	67593.Physo135274	67593.Physo129945	0	0	0	0	0.084	0.309	0	0.153	0.417
Physo135012	Physo129478	8198063	8193581	67593.Physo135012	67593.Physo129478	0	0	0	0	0.102	0.263	0	0.191	0.417
Physo140526	Physo123541	8202631	8191226	67593.Physo140526	67593.Physo123541	0.330	0	0	0	0.064	0.058	0	0.131	0.417
Physo108701	Physo108358	8189704	8189428	67593.Physo108701	67593.Physo108358	0	0	0	0	0.203	0.299	0	0	0.417
Physo135274	Physo128905	8198273	8193185	67593.Physo135274	67593.Physo128905	0	0	0	0	0.081	0.309	0	0.153	0.415
Physo143804	Physo131652	8205295	8195326	67593.Physo143804	67593.Physo131652	0	0	0	0	0.064	0.202	0	0.280	0.415
Physo140526	Physo134045	8202631	8197334	67593.Physo140526	67593.Physo134045	0	0	0	0	0.108	0.167	0	0.276	0.415
Physo115988	Physo108342	8190880	8189416	67593.Physo115988	67593.Physo108342	0	0	0	0	0.106	0.064	0	0.357	0.414
Physo135412	Physo130101	8198381	8194058	67593.Physo135412	67593.Physo130101	0	0	0	0	0.203	0.069	0	0.273	0.413
Physo141686	Physo135200	8203572	8198220	67593.Physo141686	67593.Physo135200	0	0	0	0	0	0.070	0	0.394	0.412
Physo144252	Physo140526	8205663	8202631	67593.Physo144252	67593.Physo140526	0.309	0	0	0	0.055	0.147	0	0.069	0.412
Physo109516	Physo108569	8190374	8189597	67593.Physo109516	67593.Physo108569	0	0	0	0	0.206	0	0	0.287	0.409
Physo141411	Physo109564	8203340	8190413	67593.Physo141411	67593.Physo109564	0	0	0	0	0.063	0	0	0.395	0.408
Physo134045	Physo133473	8197334	8196821	67593.Physo134045	67593.Physo133473	0.079	0	0	0	0.206	0.115	0	0.192	0.407
Physo136856	Physo108380	8199595	8189445	67593.Physo136856	67593.Physo108380	0	0	0	0	0.051	0.189	0	0.291	0.406
Physo140605	Physo129624	8202697	8193707	67593.Physo140605	67593.Physo129624	0	0	0	0	0.193	0.165	0	0.190	0.406
Physo156341	Physo135200	8207227	8198220	67593.Physo156341	67593.Physo135200	0	0	0	0	0.128	0.189	0	0.227	0.405
Physo140526	Physo108380	8202631	8189445	67593.Physo140526	67593.Physo108380	0	0	0	0	0.112	0.290	0	0.132	0.404
Physo136228	Physo108302	8199090	8189386	67593.Physo136228	67593.Physo108302	0.080	0	0	0	0.202	0.165	0	0.143	0.404
Physo140526	Physo136746	8202631	8199514	67593.Physo140526	67593.Physo136746	0	0	0	0	0.112	0.290	0	0.131	0.404
Physo139518	Physo135200	8201790	8198220	67593.Physo139518	67593.Physo135200	0	0	0	0	0	0.100	0	0.365	0.404
Physo128782	Physo109524	8193080	8190382	67593.Physo128782	67593.Physo109524	0.046	0	0	0	0.055	0	0	0.393	0.404
Physo131857	Physo123541	8195474	8191226	67593.Physo131857	67593.Physo123541	0.099	0	0	0	0	0.299	0	0.132	0.403
Physo134534	Physo131652	8197704	8195326	67593.Physo134534	67593.Physo131652	0	0	0	0	0.121	0.279	0	0.131	0.401
Physo137966	Physo108941	8200494	8189896	67593.Physo137966	67593.Physo108941	0.188	0	0	0	0	0	0	0.292	0.400
Physo143969	Physo109057	8205430	8189986	67593.Physo143969	67593.Physo109057	0	0	0	0	0.320	0	0	0.154	0.400