mRNA,count,score,mfe,misMatch,GU
Glyma06g17740.1,2,7.0,67.5,0,2
Glyma04g37345.1,2,7.0,67.5,0,2
Glyma17g05990.1,1,4.0,33.8,2,0
Glyma13g16700.1,1,4.0,33.8,2,0
Glyma03g20420.1,3,10.5,100.1,3,3
Glyma18g51160.2,3,11.0,120.4,2,0
Glyma13g12170.1,91,24.0,4171.2,13,8
Glyma13g11866.1,43,1.0,2005.2,1,0
Glyma13g12191.1,43,1.0,2005.2,1,0
Glyma13g12140.1,43,1.0,2005.2,1,0
Glyma13g12000.1,2288,244.5,110268.4,93,5
Glyma13g12041.1,38,1.0,1769.7,1,0
Glyma13g11810.1,396,41.5,18985.5,16,1
Glyma13g11980.1,3904,401.0,187851.3,163,10
Glyma05g09990.1,33,2.5,1573.5,2,1
Glyma14g07310.1,5,18.5,136.7,5,7
Glyma14g34640.1,2,8.0,54.2,2,0
Glyma14g34640.2,2,8.0,54.2,2,0
Glyma02g45580.1,4,12.5,124.3,4,1
Glyma02g02340.1,1,4.0,25.2,1,0
Glyma02g39970.2,1,4.0,27.8,3,0
Glyma02g03250.1,1,4.0,24.9,2,0
Glyma02g01020.1,1,4.0,26.5,2,0
Glyma02g03320.1,1,4.0,24.9,2,0
Glyma12g01720.3,1,3.5,28.1,0,1
Glyma12g01720.4,1,3.5,28.1,0,1
Glyma12g32440.2,2,8.0,55.1,2,4
Glyma12g32460.1,5,17.0,162.3,2,6
Glyma12g32460.2,5,17.0,162.3,2,6
Glyma12g11150.3,1,4.0,25.5,2,0
Glyma12g11150.4,1,4.0,25.5,2,0
Glyma12g32450.2,7,22.5,237.3,4,5
Glyma11g01850.1,1,4.0,31.3,1,0
Glyma11g10911.1,1,4.0,29.3,2,0
Glyma11g10911.2,1,4.0,29.3,2,0
Glyma11g10981.1,1,4.0,29.3,2,0
Glyma11g10981.2,1,4.0,29.3,2,0
Glyma11g10981.3,1,4.0,29.3,2,0
Glyma11g10981.4,1,4.0,29.3,2,0
Glyma11g10981.5,1,4.0,29.3,2,0
Glyma11g10981.6,1,4.0,29.3,2,0
Glyma11g10981.7,1,4.0,29.3,2,0
Glyma11g10981.8,1,4.0,29.3,2,0
Glyma06g18611.1,1,4.0,25.6,1,2
Glyma06g18611.2,1,4.0,25.6,1,2
Glyma06g45000.1,1,3.5,28.4,1,1
Glyma06g07240.3,5,17.5,149.2,2,7
Glyma06g07240.4,5,17.5,149.2,2,7
Glyma06g07240.5,5,17.5,149.2,2,7
Glyma06g15490.1,3,10.0,92.1,1,6
Glyma06g15930.1,2,7.0,64.6,0,2
Glyma06g01480.1,3,11.0,89.1,4,6
Glyma06g15820.1,3,10.0,85.2,0,14
Glyma06g09550.2,1,4.0,28.2,1,2
Glyma06g09550.1,1,4.0,28.2,1,2
Glyma06g19540.1,3,10.0,83.1,7,6
Glyma04g35780.2,1,3.5,28.3,0,1
Glyma04g39150.2,3,10.0,85.2,0,14
Glyma04g39150.3,3,10.0,85.2,0,14
Glyma04g39150.4,3,10.0,85.2,0,14
Glyma04g39150.5,3,10.0,85.2,0,14
Glyma04g01430.2,3,11.0,89.1,4,6
Glyma04g39411.1,1,4.0,26.5,1,2
Glyma04g09520.1,2,8.0,55.9,2,0
Glyma08g01170.2,3,10.5,84.8,6,1
Glyma08g01170.1,3,10.5,84.8,6,1
Glyma08g24170.1,2,7.5,62.7,0,3
Glyma08g24170.2,2,7.5,62.7,0,3
Glyma08g44960.1,3,12.0,85.0,2,4
Glyma08g05090.1,3,11.0,89.7,5,0
Glyma08g20740.1,1,4.0,25.0,0,0
Glyma17g08986.1,1,4.0,27.0,1,0
Glyma17g16970.3,4,15.0,110.6,0,8
Glyma17g16970.4,4,15.0,110.6,0,8
Glyma13g42621.1,16,4.0,726.0,0,0
Glyma13g00450.1,2,7.5,58.3,2,3
Glyma13g37440.1,1,3.5,30.0,1,1
Glyma13g10750.1,1,4.0,28.4,1,2
Glyma13g37980.2,3,12.0,85.6,2,4
Glyma05g33080.2,8,29.0,243.2,11,12
Glyma05g33080.3,8,29.0,243.2,11,12
Glyma05g36280.1,3,11.0,82.3,0,6
Glyma05g23100.2,4,15.0,110.8,0,8
Glyma05g23100.3,4,15.0,110.8,0,8
Glyma05g08291.1,3,10.5,87.5,3,3
Glyma05g08291.2,3,10.5,87.5,3,3
Glyma05g14170.1,2,7.5,57.7,2,3
Glyma05g28370.2,1,3.5,26.6,2,1
Glyma05g28370.1,1,3.5,26.6,2,1
Glyma05g28370.3,1,3.5,26.6,2,1
Glyma01g02330.1,3,10.5,87.0,8,3
Glyma01g27970.2,1,4.0,26.2,1,2
Glyma19g26122.1,2,7.5,59.0,2,1
Glyma19g33451.1,1,4.0,25.1,1,2
Glyma19g17660.1,3,11.5,84.2,4,3
Glyma19g17660.2,3,11.5,84.2,4,3
Glyma19g17660.3,3,11.5,84.2,4,3
Glyma19g11360.2,2,7.0,54.3,2,2
Glyma19g44540.1,4,12.5,115.0,4,5
Glyma15g42220.1,1,3.5,27.5,1,1
Glyma03g38800.1,3,11.0,84.0,5,0
Glyma03g30530.1,1,4.0,25.1,1,2
Glyma03g30530.2,1,4.0,25.1,1,2
Glyma20g02590.1,2,8.0,52.4,2,4
Glyma20g22550.1,3,11.0,84.0,5,0
Glyma20g15970.1,1,4.0,28.4,1,2
Glyma20g35550.2,2,8.0,60.0,6,0
Glyma20g35550.1,2,8.0,60.0,6,0
Glyma20g00490.1,2,8.0,63.3,1,0
Glyma0448s00210.1,1,4.0,27.8,3,0
Glyma09g33650.1,3,10.5,87.0,8,3
Glyma09g41940.1,2,8.0,63.3,1,0
Glyma09g09661.1,1,4.0,27.2,2,0
Glyma09g19760.1,3,10.0,92.1,1,6
Glyma09g19790.1,3,10.0,92.1,1,6
Glyma10g28490.1,6,22.0,175.6,9,0
Glyma10g43340.1,16,4.0,725.6,0,0
Glyma10g35460.1,3,10.5,84.0,0,3
Glyma10g27870.2,1,4.0,26.5,2,0
Glyma07g38811.1,1,4.0,29.0,1,0
Glyma07g06240.1,1,3.5,27.9,1,1
Glyma07g05100.1,1,4.0,25.4,2,0
Glyma16g01590.2,1,4.0,25.4,2,0
Glyma16g01590.3,1,4.0,25.4,2,0
Glyma16g05360.2,4,12.0,109.2,9,0
Glyma16g05240.1,2,8.0,56.4,2,0
Glyma16g05240.2,2,8.0,56.4,2,0
Glyma16g02880.2,1,3.5,27.9,1,1
Glyma18g14530.1,2,8.0,54.5,2,4
Glyma18g08490.1,1,4.0,25.2,3,0
Glyma18g20000.2,3,12.0,99.6,3,0
Glyma11g01160.1,4,16.0,114.6,7,0
Glyma11g01160.2,4,16.0,114.6,7,0
Glyma08g03710.1,2,7.0,55.0,3,0
Glyma17g18510.1,1,4.0,25.6,2,0
Glyma17g07470.2,2,7.0,58.3,4,2
Glyma13g44760.1,1,4.0,25.9,3,0
Glyma13g36811.1,1,4.0,27.4,1,0
Glyma05g34340.1,2,7.0,53.4,1,0
Glyma05g00810.1,6,24.0,191.7,0,0
Glyma05g35920.1,2,7.0,56.8,3,0
Glyma01g31643.1,9,36.0,270.3,9,0
Glyma01g02110.2,1,4.0,25.2,0,0
Glyma01g02110.3,1,4.0,25.2,0,0
Glyma15g08600.1,10,38.5,335.3,5,29
Glyma15g09590.4,4,14.0,112.0,2,8
Glyma15g09590.5,4,14.0,112.0,2,8
Glyma15g09590.6,4,14.0,112.0,2,8
Glyma15g09590.3,4,14.0,112.0,2,8
Glyma03g40430.1,5,18.0,148.2,2,6
Glyma09g33830.1,1,4.0,24.8,0,0
Glyma18g08930.2,2,8.0,53.5,0,0
Glyma18g08930.1,2,8.0,53.5,0,0
Glyma13g10410.2,3,9.0,104.8,3,6
Glyma13g10410.3,3,9.0,104.8,3,6
Glyma13g10410.4,3,9.0,104.8,3,6
Glyma13g10410.5,3,9.0,104.8,3,6
Glyma09g37787.1,5,7.0,207.5,1,0
Glyma14g02150.1,1,4.0,27.3,0,2
Glyma02g44930.2,1,4.0,31.3,1,0
Glyma02g46490.1,1,4.0,31.0,1,0
Glyma11g04840.1,1,4.0,30.1,1,0
Glyma11g00520.2,2,8.0,66.1,2,0
Glyma11g00520.3,2,8.0,66.1,2,0
Glyma11g29878.1,2,8.0,67.3,2,0
Glyma06g23290.1,1,4.0,31.7,0,2
Glyma13g21970.1,2,8.0,57.8,0,0
Glyma05g23700.1,2,7.0,59.1,3,0
Glyma01g38671.1,2,7.5,53.8,0,3
Glyma01g38671.2,2,7.5,53.8,0,3
Glyma19g44260.3,1,3.5,30.6,0,1
Glyma19g44260.4,1,3.5,30.6,0,1
Glyma19g02140.1,1,4.0,27.7,1,0
Glyma15g39845.1,1,4.0,32.1,0,0
Glyma03g41670.3,2,7.0,60.5,1,4
Glyma03g41670.4,2,7.0,60.5,1,4
Glyma20g26270.1,2,7.0,57.6,4,0
Glyma20g26270.2,2,7.0,57.6,4,0
Glyma20g26270.3,2,7.0,57.6,4,0
Glyma18g51000.2,2,6.5,69.1,0,1
Glyma18g51000.3,2,6.5,69.1,0,1
Glyma18g51000.4,2,6.5,69.1,0,1
Glyma02g34840.3,1,4.0,33.4,1,0
Glyma02g34840.4,1,4.0,33.4,1,0
Glyma04g34880.1,1,4.0,29.8,0,2
Glyma08g19280.1,1,4.0,28.3,3,2
Glyma01g43520.3,1,2.0,28.6,1,2
Glyma01g43520.4,1,2.0,28.6,1,2
Glyma01g43520.5,1,2.0,28.6,1,2
Glyma15g05720.1,1,4.0,28.3,3,2
Glyma10g31520.1,2,7.0,66.7,4,4
Glyma01g37330.2,1,4.0,35.9,2,0
Glyma05g22350.1,1,4.0,33.4,1,4
Glyma13g12056.1,105,21.0,5081.6,5,0
Glyma13g12160.1,30,0.0,1410.3,0,0
Glyma13g28300.2,2,8.0,55.1,2,4
Glyma01g07160.1,1,4.0,28.9,1,2
Glyma01g07140.2,1,4.0,28.9,1,2
Glyma01g07140.3,1,4.0,28.9,1,2
Glyma01g07300.1,1,4.0,28.9,1,2
Glyma03g19680.1,1,3.5,30.1,0,3
Glyma13g11931.1,34,0.0,1475.3,0,0
Glyma13g12004.1,34,13.0,1426.1,1,0
Glyma14g37946.1,1,4.0,36.5,0,2
Glyma12g04390.1,2,8.0,64.8,4,4
Glyma08g23650.3,4,12.0,137.8,7,4
Glyma08g23650.4,4,12.0,137.8,7,4
Glyma08g23650.5,4,12.0,137.8,7,4
Glyma08g23650.6,4,12.0,137.8,7,4
Glyma08g23650.7,4,12.0,137.8,7,4
Glyma16g17720.2,6,15.0,238.4,11,0
Glyma08g05480.1,2,7.0,55.7,0,2
Glyma17g04661.1,1,3.5,29.1,3,1
Glyma17g04661.2,1,3.5,29.1,3,1
Glyma05g34180.1,2,7.0,55.7,0,2
Glyma15g11160.1,2,8.0,54.9,0,4
Glyma03g13886.1,5,15.5,162.9,8,5
Glyma03g13886.2,2,6.0,63.1,3,2
Glyma20g23630.1,4,3.0,159.8,3,0
Glyma07g17640.1,2,6.0,63.7,0,4
Glyma07g17640.2,2,6.0,63.7,0,4
Glyma16g18500.2,2,8.0,55.9,2,0
Glyma18g39580.1,2,5.0,62.3,5,0
Glyma13g11820.2,113,4.0,5469.3,3,0
Glyma13g12210.1,113,8.0,5469.5,7,0
Glyma13g12070.3,113,9.0,5486.6,4,0
Glyma14g02160.1,2,8.0,61.0,5,0
Glyma02g40800.1,1,3.5,31.0,1,1
Glyma02g40800.2,1,3.5,31.0,1,1
Glyma02g46480.1,2,8.0,61.0,5,0
Glyma12g04480.2,1,3.5,30.8,1,1
Glyma12g04480.1,1,3.5,30.8,1,1
Glyma12g34936.1,1,4.0,35.5,1,0
Glyma12g34936.2,1,4.0,35.5,1,0
Glyma08g44640.1,1,3.5,32.6,1,1
Glyma08g22580.1,1,4.0,29.3,1,0
Glyma08g22580.2,1,4.0,29.3,1,0
Glyma17g13730.1,1,4.0,30.7,1,0
Glyma13g43360.1,2,6.5,63.5,0,1
Glyma13g35636.1,1,4.0,35.5,1,0
Glyma01g40411.1,1,3.5,30.8,1,1
Glyma01g40411.2,1,3.5,30.8,1,1
Glyma19g39720.1,1,4.0,31.9,1,0
Glyma19g39720.2,1,4.0,31.9,1,0
Glyma15g18220.1,1,4.0,34.9,1,0
Glyma15g01950.1,1,4.0,31.1,0,0
Glyma03g40550.2,1,3.5,30.5,1,1
Glyma20g39060.1,1,4.0,31.3,2,0
Glyma20g36600.2,1,4.0,33.6,1,0
Glyma20g36600.3,1,4.0,33.6,1,0
Glyma20g21550.1,1,4.0,32.0,2,0
Glyma09g28260.1,1,4.0,33.5,1,0
Glyma10g27630.2,1,4.0,32.0,2,0
Glyma10g27630.3,1,4.0,32.0,2,0
Glyma07g09011.1,2,6.0,65.5,1,2
Glyma07g02360.1,2,7.5,64.6,3,3
Glyma07g02360.2,2,7.5,64.6,3,3
Glyma07g14830.1,2,6.0,65.6,2,2
Glyma07g03510.1,1,4.0,29.3,1,0
Glyma16g29611.1,1,4.0,30.5,0,0
Glyma16g33080.1,1,4.0,33.5,1,0
Glyma11g37890.1,2,8.0,70.0,2,0
Glyma06g13100.4,1,3.5,32.2,0,1
Glyma06g13100.5,1,3.5,32.2,0,1
Glyma04g41691.1,1,3.5,32.2,0,1
Glyma08g20010.1,2,8.0,64.4,4,4
Glyma08g20010.2,2,8.0,64.4,4,4
Glyma08g17390.1,1,4.0,34.9,2,0
Glyma17g29120.1,2,6.5,63.9,0,3
Glyma19g01510.2,2,7.0,67.5,2,6
Glyma19g29420.3,2,8.0,73.2,0,0
Glyma19g29420.4,2,8.0,73.2,0,0
Glyma15g10996.1,1,4.0,33.1,2,0
Glyma09g25070.1,2,7.5,66.5,2,1
Glyma09g25070.2,2,7.5,66.5,2,1
Glyma07g03590.1,2,7.5,63.5,5,1
Glyma16g04060.4,2,8.0,73.2,0,0
Glyma16g04060.2,2,8.0,73.2,0,0
Glyma16g04060.3,2,8.0,73.2,0,0
Glyma18g35230.1,1,4.0,33.6,0,0
Glyma18g04081.1,1,4.0,33.6,0,0
Glyma18g04081.2,1,4.0,33.6,0,0
Glyma04g24054.1,4,15.5,116.1,0,7
Glyma07g11531.1,4,15.5,116.1,0,7
Glyma07g11531.2,4,15.5,116.1,0,7
Glyma07g11531.3,4,15.5,116.1,0,7
Glyma07g11531.4,4,15.5,116.1,0,7
Glyma07g11531.5,4,15.5,116.1,0,7
Glyma12g01835.1,1,3.5,30.7,3,1
Glyma11g11685.1,1,3.5,30.7,3,1
Glyma01g04440.3,2,6.0,72.5,3,2
Glyma01g04440.4,2,6.0,72.5,3,2
Glyma13g43960.1,2,7.5,60.2,3,3
Glyma09g34830.1,3,10.5,103.5,3,3
Glyma14g01920.1,1,4.0,32.0,1,0
Glyma14g13531.1,1,4.0,32.0,1,2
Glyma02g46780.1,1,4.0,32.0,1,0
Glyma02g46780.2,1,4.0,32.0,1,0
Glyma02g01620.1,1,4.0,32.7,2,0
Glyma12g02870.1,1,4.0,34.1,3,2
Glyma11g04290.2,2,8.0,63.5,3,2
Glyma11g04290.3,2,8.0,63.5,3,2
Glyma11g04290.4,2,8.0,63.5,3,2
Glyma11g04290.5,2,8.0,63.5,3,2
Glyma11g04290.6,2,8.0,63.5,3,2
Glyma11g04290.7,2,8.0,63.5,3,2
Glyma06g14910.1,1,3.5,37.9,1,1
Glyma04g15560.2,1,4.0,33.1,1,2
Glyma17g18110.1,1,3.0,35.5,0,2
Glyma17g31900.1,1,4.0,31.8,4,0
Glyma13g24640.1,1,4.0,34.1,2,0
Glyma05g21620.1,1,3.0,35.5,0,2
Glyma15g40510.1,1,4.0,30.9,2,0
Glyma20g25990.1,1,4.0,32.1,1,0
Glyma09g40070.2,1,4.0,31.6,2,2
Glyma09g40070.3,1,4.0,31.6,2,2
Glyma07g13440.2,1,4.0,31.8,2,0
Glyma07g13440.3,1,4.0,31.8,2,0
Glyma07g13440.4,1,4.0,31.8,2,0
Glyma07g31830.1,1,4.0,34.1,2,0
Glyma08g19790.1,1,4.0,28.6,1,0
Glyma08g36820.2,13,50.0,441.5,26,26
Glyma08g36820.3,13,50.0,441.5,26,26
Glyma08g36820.4,13,50.0,441.5,26,26
Glyma09g15232.1,13,50.0,441.5,26,26
Glyma02g05060.1,3,11.5,87.1,3,9
Glyma12g17340.1,4,12.0,130.3,4,4
Glyma12g17360.1,4,12.0,130.3,4,4
Glyma04g43200.1,5,13.0,181.4,3,0
Glyma04g43200.2,5,13.0,181.4,3,0
Glyma04g00230.3,4,15.0,131.0,2,8
Glyma04g00230.1,4,15.0,131.0,2,8
Glyma08g06270.1,4,13.5,125.9,4,1
Glyma17g18731.1,3,11.0,94.1,2,6
Glyma17g13830.1,3,11.5,86.1,0,7
Glyma20g35492.1,4,16.0,125.3,4,8
Glyma20g35498.1,4,16.0,125.3,4,8
Glyma16g23140.1,3,11.5,87.1,3,9
Glyma18g10030.1,3,10.5,97.8,3,3
Glyma13g12815.1,47,44.5,2091.8,10,7
Glyma02g07820.2,1,3.5,32.0,1,1
Glyma02g15811.1,1,3.5,31.5,0,3
Glyma02g15811.2,1,3.5,31.5,0,3
Glyma02g15811.3,1,3.5,31.5,0,3
Glyma11g11990.1,1,3.5,27.8,0,1
Glyma11g11970.1,1,3.5,27.8,0,1
Glyma08g04110.1,1,3.5,32.1,1,1
Glyma08g04110.3,1,3.5,32.1,1,1
Glyma08g04110.2,1,3.5,32.1,1,1
Glyma17g36400.1,1,3.5,26.4,1,1
Glyma05g35610.1,4,15.0,115.4,4,6
Glyma05g35610.2,4,15.0,115.4,4,6
Glyma05g35610.3,4,15.0,115.4,4,6
Glyma01g44360.1,1,4.0,30.0,1,0
Glyma03g29250.2,1,4.0,28.9,0,0
Glyma03g29250.1,1,4.0,28.9,0,0
Glyma07g06460.3,1,4.0,27.2,1,2
Glyma16g09310.1,1,4.0,27.9,1,0
Glyma16g26840.2,1,4.0,31.0,0,2
Glyma08g28962.2,2,8.0,61.6,2,0
Glyma13g18300.2,5,15.0,187.7,5,6
Glyma01g37136.1,2,8.0,63.2,2,0
Glyma01g39860.1,4,12.5,131.7,3,7
Glyma09g35590.1,2,8.0,65.4,2,8
Glyma20g01560.1,3,10.5,104.6,3,3
Glyma15g10030.1,2,8.0,57.7,3,4
Glyma15g10030.2,2,8.0,57.7,3,4
Glyma07g03115.1,2,7.0,56.7,1,0
Glyma16g10130.1,2,8.0,60.3,2,0
Glyma18g48490.1,1,4.0,28.8,1,2
Glyma18g48530.1,1,4.0,29.0,1,2
Glyma18g43580.1,3,11.5,86.9,3,3
Glyma13g12051.1,61,18.0,2866.0,3,0
Glyma13g12220.1,36,11.0,1774.1,0,0
Glyma05g16213.1,1,3.0,41.0,0,2
Glyma14g12140.1,1,4.0,29.2,2,0
Glyma02g39820.1,1,4.0,32.5,0,2
Glyma12g35010.1,2,7.0,64.6,1,0
Glyma08g44930.4,1,3.5,31.2,1,3
Glyma08g44930.5,1,3.5,31.2,1,3
Glyma08g44930.6,1,3.5,31.2,1,3
Glyma13g33010.2,1,4.0,29.8,1,2
Glyma15g06327.1,2,7.0,61.9,2,2
Glyma03g30860.1,1,3.5,28.9,0,1
Glyma20g35900.2,1,4.0,29.6,4,0
Glyma20g35900.3,1,4.0,29.6,4,0
Glyma20g03030.1,1,4.0,30.0,0,0
Glyma10g03411.1,1,4.0,28.2,0,2
Glyma06g41815.1,2,8.0,57.8,0,4
Glyma08g19260.1,2,8.0,54.8,2,0
Glyma17g07330.1,1,4.0,26.5,3,0
Glyma05g29000.1,2,8.0,57.8,0,4
Glyma15g05740.1,2,8.0,54.8,2,0
Glyma10g42390.1,1,4.0,27.6,1,0
Glyma18g06291.1,1,3.5,27.5,0,3
Glyma18g49610.1,1,3.5,28.5,1,1
Glyma17g12693.1,1,3.5,29.1,1,1
Glyma17g12693.2,1,3.5,29.1,1,1
Glyma17g12693.3,1,3.5,29.1,1,1
Glyma17g12693.4,1,3.5,29.1,1,1
Glyma17g12693.5,1,3.5,29.1,1,1
Glyma17g12693.6,1,3.5,29.1,1,1
Glyma14g39820.1,1,3.5,27.0,0,1
Glyma14g39820.4,1,3.5,27.0,0,1
Glyma02g05440.1,1,3.0,29.8,1,0
Glyma11g08180.1,1,4.0,29.0,2,0
Glyma17g37200.2,1,4.0,28.7,1,0
Glyma17g21240.1,1,3.5,29.7,0,1
Glyma01g37100.1,1,4.0,28.4,2,0
Glyma01g37100.2,1,4.0,28.4,2,0
Glyma03g32430.5,1,4.0,28.8,3,0
Glyma03g32430.6,1,4.0,28.8,3,0
Glyma03g32430.1,1,4.0,28.8,3,0
Glyma03g32430.7,1,4.0,28.8,3,0
Glyma16g23870.3,1,3.0,29.8,1,0
Glyma14g11450.2,1,4.0,30.5,0,0
Glyma14g11450.3,1,4.0,30.5,0,0
Glyma14g37980.1,1,3.5,32.2,2,1
Glyma14g16231.1,1,3.0,31.8,2,0
Glyma02g15360.1,1,4.0,29.6,0,0
Glyma02g47760.1,1,4.0,29.2,2,0
Glyma02g47760.2,1,4.0,29.2,2,0
Glyma02g39840.1,1,3.5,32.2,2,1
Glyma02g38410.1,1,4.0,28.8,1,0
Glyma02g21970.1,3,12.0,94.3,2,4
Glyma02g21970.2,3,12.0,94.3,2,4
Glyma02g21970.3,3,12.0,94.3,2,4
Glyma02g03890.1,1,4.0,30.9,0,0
Glyma02g45140.1,1,4.0,29.5,1,2
Glyma02g03301.1,1,4.0,29.6,2,0
Glyma02g47280.1,1,4.0,30.1,2,0
Glyma12g17510.1,1,4.0,30.9,0,2
Glyma11g05170.1,1,4.0,28.8,0,2
Glyma11g02190.1,1,3.5,33.8,1,1
Glyma11g02250.1,1,3.5,33.8,1,1
Glyma11g14840.1,1,3.5,36.1,1,1
Glyma06g12910.2,1,4.0,29.3,1,2
Glyma06g12910.3,1,4.0,29.3,1,2
Glyma06g10261.1,1,4.0,28.6,1,0
Glyma06g12586.1,1,4.0,29.8,1,0
Glyma04g35560.1,1,4.0,34.4,0,0
Glyma04g41891.1,1,4.0,29.3,1,2
Glyma08g02191.1,1,4.0,28.6,2,0
Glyma08g17850.2,1,4.0,34.8,1,0
Glyma08g44170.1,1,4.0,30.2,1,0
Glyma08g44170.2,1,4.0,30.2,1,0
Glyma17g12985.1,1,4.0,32.9,1,0
Glyma17g34200.1,1,4.0,30.5,0,0
Glyma17g13240.1,1,4.0,32.5,2,0
Glyma05g07770.1,1,4.0,31.4,1,0
Glyma05g23280.1,1,4.0,28.6,1,0
Glyma05g08020.2,2,8.0,62.0,1,2
Glyma05g26370.1,1,4.0,28.9,0,0
Glyma01g10610.1,1,4.0,30.4,1,0
Glyma01g41140.2,1,4.0,30.9,0,0
Glyma01g41140.3,1,4.0,30.9,0,0
Glyma01g26750.2,1,4.0,33.0,1,0
Glyma01g40140.1,1,3.0,30.6,1,0
Glyma19g29970.1,1,4.0,32.4,1,0
Glyma19g29970.2,1,4.0,32.4,1,0
Glyma19g05140.1,2,8.0,54.9,1,2
Glyma19g42280.1,1,4.0,34.6,0,2
Glyma15g12200.1,1,4.0,28.8,0,2
Glyma03g16250.1,1,4.0,29.5,0,2
Glyma03g00750.2,1,4.0,32.4,1,0
Glyma03g00750.3,1,4.0,32.4,1,0
Glyma03g00750.4,1,4.0,32.4,1,0
Glyma03g00750.5,1,4.0,32.4,1,0
Glyma03g00750.6,1,4.0,32.4,1,0
Glyma03g00750.8,1,4.0,32.4,1,0
Glyma03g00750.7,1,4.0,32.4,1,0
Glyma03g16160.2,1,4.0,29.5,0,2
Glyma03g27830.2,1,4.0,29.6,2,0
Glyma03g39650.1,1,4.0,34.6,0,2
Glyma03g00770.1,1,4.0,32.4,1,0
Glyma20g28440.1,1,3.5,33.7,1,3
Glyma20g28440.2,1,3.5,33.7,1,3
Glyma20g39410.1,1,3.5,33.6,0,1
Glyma10g44620.1,1,3.5,33.4,0,1
Glyma07g32650.1,1,4.0,31.1,0,2
Glyma16g04030.1,1,4.0,30.0,1,0
Glyma18g00530.1,1,4.0,29.8,1,0
Glyma06g16010.1,1,4.0,31.3,2,2
Glyma04g38970.1,1,4.0,31.3,2,2
Glyma14g04840.1,1,4.0,29.7,0,0
Glyma06g17130.2,1,4.0,26.7,0,0
Glyma06g00330.1,1,4.0,28.0,0,2
Glyma06g24620.2,1,4.0,30.5,2,2
Glyma04g37940.1,1,4.0,26.7,0,0
Glyma04g20870.1,1,4.0,30.5,2,2
Glyma04g00280.2,1,4.0,28.0,0,2
Glyma04g00280.3,1,4.0,28.0,0,2
Glyma08g00990.1,1,4.0,26.7,0,0
Glyma08g21480.1,1,3.0,26.7,2,0
Glyma13g21220.1,1,4.0,27.1,2,0
Glyma13g35210.2,2,8.0,54.0,4,2
Glyma05g33390.1,1,4.0,26.7,0,0
Glyma19g32680.1,1,4.0,29.7,0,0
Glyma15g18910.1,1,4.0,27.8,1,0
Glyma15g15220.2,1,3.0,29.2,2,0
Glyma15g15220.3,1,3.0,29.2,2,0
Glyma03g29810.1,1,4.0,29.7,0,0
Glyma03g29801.1,1,4.0,29.7,0,0
Glyma03g22210.1,1,4.0,26.7,0,0
Glyma03g22210.2,1,4.0,26.7,0,0
Glyma09g07710.1,1,4.0,27.8,1,0
Glyma09g39790.1,1,4.0,26.9,1,0
Glyma10g33745.1,2,8.0,56.6,2,0
Glyma10g33745.2,2,8.0,56.6,2,0
Glyma10g33745.3,2,8.0,56.6,2,0
Glyma10g40510.2,1,4.0,26.7,0,0
Glyma10g40510.1,1,4.0,26.7,0,0
Glyma18g46400.1,1,4.0,26.9,1,0
Glyma08g17640.1,1,4.0,31.9,2,0
Glyma15g41470.1,1,4.0,31.9,2,0
Glyma14g07250.1,1,4.0,47.5,2,0
Glyma02g05710.2,1,4.0,43.8,3,0
Glyma11g04700.1,5,15.0,149.9,4,0
Glyma11g16460.2,4,16.0,102.2,0,8
Glyma17g02640.1,4,16.0,107.7,2,0
Glyma13g29600.3,4,11.0,121.8,0,6
Glyma13g29600.1,4,11.0,121.8,0,6
Glyma01g14733.1,4,16.0,102.2,0,8
Glyma01g40590.1,5,15.0,149.9,4,0
Glyma03g42430.1,3,11.0,90.4,2,0
Glyma09g33170.2,4,16.0,107.0,0,0
Glyma09g33170.1,4,16.0,107.0,0,0
Glyma09g28100.1,4,16.0,103.2,4,0
Glyma09g02545.1,3,9.5,77.3,1,1
Glyma07g38050.1,4,16.0,107.7,2,0
Glyma18g04850.2,3,11.0,87.4,5,6
Glyma18g04850.3,3,11.0,87.4,5,6
Glyma17g01410.1,3,10.5,95.8,4,3
Glyma17g01410.3,3,10.5,95.8,4,3
Glyma07g39310.2,3,10.5,95.8,4,3
Glyma17g01080.1,4,15.0,127.2,3,2
Glyma06g03500.1,3,10.5,82.0,4,1
Glyma06g03500.2,3,10.5,82.0,4,1
Glyma06g03500.3,3,10.5,82.0,4,1
Glyma04g37710.1,3,11.0,103.8,4,0
Glyma04g03540.2,6,20.0,185.4,12,8
Glyma13g16830.1,6,22.0,197.2,0,4
Glyma06g29565.1,4,16.0,134.5,2,0
Glyma17g07190.2,1,3.0,32.8,1,2
Glyma13g10700.1,4,15.0,136.3,9,6
Glyma13g21700.2,2,8.0,68.7,2,4
Glyma19g23740.1,4,15.0,129.9,7,0
Glyma03g40191.1,3,12.0,111.8,8,0
Glyma20g01770.1,1,3.5,34.7,1,1
Glyma20g30150.1,2,7.0,65.1,3,0
Glyma09g33780.1,1,4.0,35.9,1,0
Glyma09g31770.1,3,11.0,107.5,5,0
Glyma10g37150.2,1,4.0,29.4,0,0
Glyma10g37150.3,1,4.0,29.4,0,0
Glyma13g27340.2,3,11.5,99.0,3,5
Glyma13g27340.3,3,11.5,99.0,3,5
Glyma14g04890.1,5,17.0,159.1,7,2
Glyma14g04890.2,5,17.0,159.1,7,2
Glyma02g43930.1,5,17.0,159.1,7,2
Glyma11g21480.2,3,12.0,89.3,3,0
Glyma11g21480.1,3,12.0,89.3,3,0
Glyma11g21480.3,3,12.0,89.3,3,0
Glyma11g21480.4,3,12.0,89.3,3,0
Glyma01g35390.1,2,8.0,58.3,0,0
Glyma19g36700.2,1,4.0,27.9,2,0
Glyma19g36700.1,1,4.0,27.9,2,0
Glyma19g43500.1,2,8.0,56.5,2,0
Glyma19g41830.2,3,12.0,91.6,6,0
Glyma19g38160.1,1,4.0,27.5,1,0
Glyma15g38051.1,7,23.5,229.6,8,3
Glyma15g38010.1,2,8.0,58.7,4,0
Glyma15g38010.2,2,8.0,58.7,4,0
Glyma03g33950.1,1,4.0,27.9,2,0
Glyma09g34940.4,2,8.0,58.3,0,0
Glyma09g34940.5,2,8.0,58.3,0,0
Glyma09g34940.6,2,8.0,58.3,0,0
Glyma13g16040.2,2,7.5,59.0,2,1
Glyma15g03620.3,1,4.0,29.5,0,2
Glyma15g40720.3,3,11.0,92.2,4,4
Glyma15g40720.4,3,11.0,92.2,4,4
Glyma15g40720.1,3,11.0,92.2,4,4
Glyma15g40720.5,3,11.0,92.2,4,4
Glyma15g40720.6,3,11.0,92.2,4,4
Glyma10g01030.3,2,7.0,62.1,0,2
Glyma10g01030.1,2,7.0,62.1,0,2
Glyma10g01030.2,2,7.0,62.1,0,2
Glyma14g08762.1,2,7.0,65.9,2,2
Glyma14g08720.2,2,7.0,65.9,2,2
Glyma18g03040.2,2,8.0,71.2,0,4
Glyma18g03040.3,2,8.0,71.2,0,4
Glyma02g04290.1,2,8.0,51.7,4,0
Glyma12g02941.1,1,4.0,26.6,1,0
Glyma11g10650.1,4,14.0,120.0,2,0
Glyma06g16600.1,1,4.0,27.4,2,2
Glyma06g03220.1,3,11.0,80.9,2,6
Glyma04g38450.1,7,25.5,216.4,10,5
Glyma04g03170.1,3,11.0,80.9,2,6
Glyma13g12023.1,16,0.0,649.1,0,0
Glyma13g12076.1,16,0.0,649.1,0,0
Glyma13g41290.1,5,18.0,141.9,3,0
Glyma01g03310.1,2,8.0,51.7,4,0
Glyma19g39200.1,2,7.0,58.9,3,4
Glyma03g24072.1,3,11.0,74.0,1,2
Glyma03g11960.1,3,9.5,78.9,7,3
Glyma03g11960.2,3,9.5,78.9,7,3
Glyma03g36540.1,2,7.0,58.9,3,4
Glyma20g10360.2,2,8.0,52.4,2,0
Glyma20g10360.1,2,8.0,52.4,2,0
Glyma08g11030.3,1,3.5,33.9,0,1
Glyma08g11030.4,1,3.5,33.9,0,1
Glyma05g28050.2,1,3.5,33.9,0,1
Glyma02g29250.1,3,10.0,110.8,4,0
Glyma02g00350.1,3,10.0,109.9,4,0
Glyma12g35880.3,2,7.0,61.6,3,0
Glyma12g35880.1,2,7.0,61.6,3,0
Glyma12g35880.2,2,7.0,61.6,3,0
Glyma08g09380.1,4,14.0,126.6,2,0
Glyma05g26460.1,4,14.0,126.6,2,0
Glyma13g33410.1,1,3.5,33.3,0,1
Glyma13g39023.1,1,4.0,29.1,0,0
Glyma05g29140.1,1,4.0,29.9,1,0
Glyma15g04841.1,4,16.0,117.6,6,0
Glyma15g09040.1,1,3.0,32.2,1,0
Glyma03g35520.1,1,4.0,29.5,0,0
Glyma03g40220.1,1,4.0,27.6,0,0
Glyma07g10170.1,1,3.5,33.3,0,1
Glyma07g10170.4,1,3.5,33.3,0,1
Glyma07g10170.5,1,3.5,33.3,0,1
Glyma16g34360.2,1,4.0,32.4,1,0
Glyma14g06460.1,1,4.0,27.9,0,2
Glyma02g42420.1,1,4.0,27.9,0,2
Glyma02g03960.1,1,4.0,29.5,2,0
Glyma12g15155.1,1,4.0,28.7,0,2
Glyma12g11161.1,1,4.0,28.3,0,4
Glyma11g00430.2,1,3.0,31.1,1,2
Glyma11g02090.2,1,3.0,31.2,1,2
Glyma06g07911.1,1,4.0,29.2,0,2
Glyma06g19890.1,1,4.0,29.5,0,0
Glyma06g45670.1,1,4.0,28.3,0,4
Glyma04g38905.1,1,4.0,29.0,1,0
Glyma0196s50.1,1,4.0,28.7,0,2
Glyma08g26301.1,1,4.0,28.0,2,0
Glyma08g07520.2,1,4.0,28.7,0,2
Glyma08g20460.1,1,4.0,35.9,0,0
Glyma08g45270.2,2,8.0,60.0,2,0
Glyma08g45270.1,2,8.0,60.0,2,0
Glyma17g11030.1,1,4.0,31.4,0,2
Glyma17g34850.1,2,7.5,61.7,1,1
Glyma17g11760.1,1,4.0,28.7,0,2
Glyma17g29740.1,1,4.0,29.0,0,2
Glyma13g05330.1,2,8.0,56.8,0,0
Glyma13g23120.1,1,4.0,28.7,0,2
Glyma13g09390.1,1,4.0,30.1,1,2
Glyma13g09390.2,1,4.0,30.1,1,2
Glyma05g00890.1,1,4.0,31.4,0,2
Glyma05g34243.1,2,6.0,68.4,1,4
Glyma01g43380.1,1,3.0,31.2,1,2
Glyma19g25680.1,1,3.5,33.2,1,1
Glyma19g25680.2,1,3.5,33.2,1,1
Glyma15g10470.1,1,4.0,28.9,1,2
Glyma15g14220.1,2,8.0,60.4,0,0
Glyma03g05201.1,1,4.0,28.4,2,0
Glyma03g05201.2,1,4.0,28.4,2,0
Glyma20g25330.2,1,4.0,28.7,0,2
Glyma20g25330.1,1,4.0,28.7,0,2
Glyma20g25330.3,1,4.0,28.7,0,2
Glyma10g24476.1,1,4.0,28.7,0,2
Glyma10g34310.1,2,7.0,64.2,1,0
Glyma07g06025.1,1,3.5,27.8,0,1
Glyma07g37700.2,3,11.5,90.1,5,1
Glyma07g05050.2,1,3.5,31.8,0,3
Glyma07g17620.1,1,4.0,29.0,1,2
Glyma16g02620.2,1,3.5,27.8,0,1
Glyma16g06190.1,1,3.5,33.2,1,1
Glyma16g01560.1,1,3.5,31.8,0,3
Glyma18g42471.1,1,4.0,27.6,1,2
Glyma18g08180.2,2,8.0,60.0,2,0
Glyma18g08180.3,2,8.0,60.0,2,0
Glyma18g08180.4,2,8.0,60.0,2,0
Glyma02g11870.1,2,8.0,60.5,2,0
Glyma01g05550.1,2,8.0,60.5,2,0
Glyma19g34630.1,2,8.0,64.5,2,4
Glyma03g31890.2,2,8.0,64.3,2,4
Glyma03g31890.3,2,8.0,64.3,2,4
Glyma03g31890.4,2,8.0,64.3,2,4
Glyma03g36990.1,2,8.0,62.5,4,0
Glyma09g39060.1,2,8.0,62.3,2,0
Glyma18g47280.1,2,8.0,62.7,2,0
Glyma12g02830.1,1,4.0,27.5,1,0
Glyma16g25840.1,2,6.0,65.8,2,2
Glyma12g19520.1,3,9.5,86.2,5,3
Glyma06g34190.1,3,9.5,86.2,5,3
Glyma13g25990.1,1,4.0,31.0,2,2
Glyma13g24790.1,3,11.0,91.3,3,2
Glyma14g32500.1,1,4.0,29.6,1,0
Glyma14g29360.1,2,8.0,56.7,3,0
Glyma14g29360.2,2,8.0,56.7,3,0
Glyma14g29360.3,2,8.0,56.7,3,0
Glyma14g29360.4,2,8.0,56.7,3,0
Glyma02g36990.2,2,8.0,57.3,2,0
Glyma02g36990.3,2,8.0,57.3,2,0
Glyma02g36990.4,2,8.0,57.3,2,0
Glyma11g37280.1,5,13.5,155.4,4,5
Glyma11g37280.2,5,13.5,155.4,4,5
Glyma11g37280.3,5,13.5,155.4,4,5
Glyma11g23690.1,1,4.0,29.0,1,0
Glyma06g19380.1,3,9.5,94.3,2,3
Glyma06g23902.1,3,11.0,77.5,2,0
Glyma04g35580.1,3,9.5,94.3,2,3
Glyma08g11920.1,2,7.0,53.2,1,0
Glyma17g11090.1,1,4.0,28.2,0,2
Glyma13g04150.1,3,11.0,88.0,4,0
Glyma13g19010.1,5,17.0,134.8,2,10
Glyma13g19880.1,1,4.0,24.7,1,0
Glyma05g00830.1,1,4.0,28.2,0,2
Glyma05g28770.2,2,7.0,53.2,1,0
Glyma05g28770.1,2,7.0,53.2,1,0
Glyma01g35580.2,2,8.0,54.7,6,0
Glyma01g35580.3,2,8.0,54.7,6,0
Glyma01g35580.4,2,8.0,54.7,6,0
Glyma01g35580.5,2,8.0,54.7,6,0
Glyma19g22680.2,1,4.0,25.2,0,2
Glyma19g10272.1,5,17.0,134.8,2,10
Glyma03g00633.1,1,3.5,28.9,3,1
Glyma20g36270.1,2,7.0,52.6,0,2
Glyma09g35170.1,2,8.0,54.7,6,0
Glyma09g35170.2,2,8.0,54.7,6,0
Glyma10g05530.1,1,4.0,24.7,1,0
Glyma10g04680.1,5,17.0,134.8,2,10
Glyma07g06760.1,2,8.0,55.3,3,4
Glyma16g19953.1,2,7.0,59.3,3,2
Glyma18g01240.1,5,13.5,155.4,4,5
Glyma14g08220.3,2,8.0,56.4,3,0
Glyma14g08220.4,2,8.0,56.4,3,0
Glyma14g16950.3,2,7.5,58.8,0,5
Glyma14g16950.2,2,7.5,58.8,0,5
Glyma02g03040.1,2,5.0,61.2,2,2
Glyma11g17980.1,2,7.5,58.8,0,5
Glyma11g02661.1,2,7.0,71.8,1,4
Glyma11g02661.2,2,7.0,71.8,1,4
Glyma11g02661.3,2,7.0,71.8,1,4
Glyma11g01881.1,2,6.0,63.4,1,2
Glyma06g16110.3,2,7.5,61.6,2,5
Glyma06g16110.4,2,7.5,61.6,2,5
Glyma06g16110.5,2,7.5,61.6,2,5
Glyma04g38800.3,2,7.5,61.6,2,5
Glyma04g38800.4,2,7.5,61.6,2,5
Glyma04g38800.1,2,7.5,61.6,2,5
Glyma08g22140.1,2,8.0,59.0,6,0
Glyma08g13220.3,2,7.0,58.0,0,2
Glyma08g13220.4,2,7.0,58.0,0,2
Glyma17g36840.1,2,8.0,57.0,3,0
Glyma17g36840.2,2,8.0,57.0,3,0
Glyma17g16390.1,2,6.0,60.2,2,0
Glyma17g29750.1,2,7.5,58.8,0,5
Glyma13g42180.1,2,7.5,55.6,2,1
Glyma13g31450.1,2,8.0,64.0,0,0
Glyma05g30080.3,3,11.0,92.8,1,2
Glyma05g30080.4,3,11.0,92.8,1,2
Glyma01g43590.1,2,6.0,63.4,1,2
Glyma01g42800.1,2,7.0,71.8,1,4
Glyma01g42800.2,2,7.0,71.8,1,4
Glyma01g36980.1,1,4.0,28.8,2,0
Glyma15g03200.1,2,7.5,55.8,2,1
Glyma20g21520.1,2,7.0,59.6,3,0
Glyma09g39560.2,2,8.0,59.4,1,0
Glyma09g39560.3,2,8.0,59.4,1,0
Glyma09g39560.1,2,8.0,59.4,1,0
Glyma10g00570.1,2,7.0,58.2,2,2
Glyma10g05451.1,1,4.0,31.3,0,2
Glyma07g03890.1,2,8.0,59.0,6,0
Glyma18g24530.1,1,4.0,31.7,0,0
Glyma18g24530.2,1,4.0,31.7,0,0
Glyma18g46690.2,2,8.0,59.4,1,0
Glyma18g46690.3,2,8.0,59.4,1,0
Glyma18g46690.4,2,8.0,59.4,1,0
Glyma18g46690.5,2,8.0,59.4,1,0
Glyma18g46690.6,2,8.0,59.4,1,0
Glyma18g46690.7,2,8.0,59.4,1,0
Glyma18g13105.1,2,7.0,64.6,3,2
Glyma18g13105.2,2,7.0,64.6,3,2
Glyma18g22930.1,2,8.0,55.8,2,0
Glyma18g22930.2,2,8.0,55.8,2,0
Glyma06g03530.1,4,14.0,129.6,6,8
Glyma14g22240.1,1,4.0,31.9,2,2
Glyma02g01505.1,1,3.5,29.8,0,1
Glyma02g01505.2,1,3.5,29.8,0,1
Glyma02g01505.3,1,3.5,29.8,0,1
Glyma02g01505.4,1,3.5,29.8,0,1
Glyma12g01440.2,1,4.0,33.4,2,0
Glyma11g03200.1,1,4.0,32.4,0,2
Glyma11g03200.2,1,4.0,32.4,0,2
Glyma11g00230.1,1,4.0,29.3,1,0
Glyma06g15720.2,1,4.0,31.8,1,2
Glyma06g15720.3,1,4.0,31.8,1,2
Glyma06g15720.1,1,4.0,31.8,1,2
Glyma04g38515.1,1,4.0,34.8,0,0
Glyma04g07810.1,2,7.5,60.6,1,5
Glyma08g18610.1,1,4.0,31.9,2,2
Glyma17g33550.1,1,4.0,30.8,0,0
Glyma13g18940.2,1,4.0,35.6,0,2
Glyma13g18940.3,1,4.0,35.6,0,2
Glyma13g33970.1,1,2.5,32.7,2,1
Glyma13g33970.2,1,2.5,32.7,2,1
Glyma05g13880.1,1,4.0,32.6,2,0
Glyma01g44250.1,1,4.0,30.6,2,2
Glyma01g03760.2,1,3.5,37.1,0,1
Glyma01g03760.3,1,3.5,37.1,0,1
Glyma19g35180.5,1,4.0,32.5,1,2
Glyma19g35180.6,1,4.0,32.5,1,2
Glyma19g35180.7,1,4.0,32.5,1,2
Glyma19g35180.8,1,4.0,32.5,1,2
Glyma19g34770.2,1,3.5,31.9,1,1
Glyma15g40320.2,1,4.0,31.9,2,2
Glyma15g40320.3,1,4.0,31.9,2,2
Glyma15g40320.1,1,4.0,31.9,2,2
Glyma15g07770.2,1,4.0,34.5,1,2
Glyma03g32451.1,1,4.0,32.5,1,2
Glyma03g32451.2,1,4.0,32.5,1,2
Glyma20g32290.1,1,3.5,32.7,3,1
Glyma20g10833.1,1,3.5,28.7,0,3
Glyma20g10833.2,1,3.5,28.7,0,3
Glyma20g10833.3,1,3.5,28.7,0,3
Glyma20g10833.4,1,3.5,28.7,0,3
Glyma20g10833.5,1,3.5,28.7,0,3
Glyma20g10833.6,1,3.5,28.7,0,3
Glyma20g10833.7,1,3.5,28.7,0,3
Glyma20g10833.8,1,3.5,28.7,0,3
Glyma20g10833.9,1,3.5,28.7,0,3
Glyma20g10833.10,1,3.5,28.7,0,3
Glyma20g10833.11,1,3.5,28.7,0,3
Glyma20g10833.12,1,3.5,28.7,0,3
Glyma20g10833.13,1,3.5,28.7,0,3
Glyma20g10833.14,1,3.5,28.7,0,3
Glyma09g31190.1,1,3.5,34.9,1,1
Glyma07g10890.2,1,3.5,34.9,1,1
Glyma07g39101.1,1,3.5,30.3,0,3
Glyma18g49690.1,1,4.0,32.9,1,2
Glyma04g00560.1,1,4.0,24.8,0,0
Glyma16g07410.1,1,3.5,26.5,2,1
Glyma18g47120.1,1,4.0,26.4,3,0
Glyma06g15840.1,1,4.0,34.1,0,0
Glyma13g10720.1,3,11.0,100.8,1,6
Glyma18g48431.1,1,4.0,33.9,0,2
Glyma04g32324.1,3,11.0,78.4,4,0
Glyma04g32324.2,3,11.0,78.4,4,0
Glyma08g16020.1,1,3.5,26.2,2,1
Glyma08g16020.3,1,3.5,26.2,2,1
Glyma08g16020.2,1,3.5,26.2,2,1
Glyma20g32210.1,1,4.0,24.2,2,2
Glyma10g35310.1,1,4.0,24.2,2,2
Glyma10g35310.2,1,4.0,24.2,2,2
Glyma10g35310.3,1,4.0,24.2,2,2
Glyma07g02031.1,1,4.0,23.3,1,2
Glyma07g02031.2,1,4.0,23.3,1,2
Glyma17g11600.1,1,3.5,33.6,0,1
Glyma17g11600.2,1,3.5,33.6,0,1
Glyma13g23230.2,2,7.5,67.9,3,3
Glyma13g23230.3,2,7.5,67.9,3,3
Glyma05g35130.2,1,3.5,31.2,2,1
Glyma05g35770.1,1,3.5,27.2,2,1
Glyma05g35770.2,1,3.5,27.2,2,1
Glyma01g43280.1,2,8.0,59.9,3,2
Glyma19g45230.1,1,4.0,25.3,2,0
Glyma12g07100.1,2,6.5,64.5,2,5
Glyma12g05890.1,1,3.5,30.6,0,1
Glyma11g03600.1,2,6.0,63.5,2,0
Glyma11g13911.1,1,4.0,30.6,0,2
Glyma06g20030.1,2,7.0,70.2,2,0
Glyma04g09180.1,2,7.0,64.5,1,4
Glyma04g11260.2,2,7.0,61.5,0,2
Glyma17g08170.1,2,7.0,62.2,2,2
Glyma01g41780.1,2,6.0,63.5,2,0
Glyma09g41030.1,2,7.5,59.6,2,3
Glyma11g08061.1,2,6.0,58.0,0,4
Glyma11g08061.2,2,6.0,58.0,0,4
Glyma06g17460.1,2,7.0,78.6,1,0
Glyma06g17460.2,2,7.0,78.6,1,0
Glyma04g37630.2,2,7.0,78.6,1,0
Glyma04g37630.1,2,7.0,78.6,1,0
Glyma13g12039.1,26,2.0,1238.1,0,0
Glyma02g02450.1,1,4.0,25.9,2,0
Glyma10g22916.1,1,2.5,26.4,1,1
Glyma14g12470.1,1,4.0,25.7,0,2
Glyma14g08710.1,3,10.5,82.9,4,1
Glyma12g28990.4,6,19.0,166.1,4,6
Glyma12g28990.5,6,19.0,166.1,4,6
Glyma12g28990.3,6,19.0,166.1,4,6
Glyma12g07120.1,1,3.5,26.4,2,1
Glyma11g36127.1,1,4.0,26.8,1,0
Glyma11g15200.1,1,3.5,26.4,2,1
Glyma06g03466.1,2,5.0,57.6,5,0
Glyma06g03120.1,1,4.0,28.0,1,2
Glyma06g03120.2,1,4.0,28.0,1,2
Glyma04g03080.1,1,4.0,28.0,1,2
Glyma04g03080.2,1,4.0,28.0,1,2
Glyma04g03381.1,2,5.0,57.6,5,0
Glyma04g40230.1,2,8.0,51.0,4,0
Glyma04g40230.2,2,8.0,51.0,4,0
Glyma17g04780.1,4,14.0,126.3,1,8
Glyma13g43440.1,3,12.0,82.8,3,6
Glyma13g43440.2,3,12.0,82.8,3,6
Glyma13g43440.3,3,12.0,82.8,3,6
Glyma13g17730.1,2,8.0,60.4,2,4
Glyma13g21480.1,3,11.0,79.9,2,0
Glyma19g40090.2,3,12.0,82.6,6,0
Glyma19g40090.1,3,12.0,82.6,6,0
Glyma19g29530.1,2,7.5,51.5,0,3
Glyma15g02340.2,1,4.0,27.1,2,0
Glyma15g01870.1,3,12.0,82.8,3,6
Glyma15g01870.5,3,12.0,82.8,3,6
Glyma15g01870.6,3,12.0,82.8,3,6
Glyma09g13170.1,1,4.0,27.1,2,0
Glyma10g07610.2,3,11.0,79.9,2,0
Glyma10g04160.1,3,9.5,77.8,5,3
Glyma07g14234.1,1,4.0,28.2,1,0
Glyma07g13170.2,1,4.0,25.0,2,0
Glyma16g01350.2,2,7.0,55.8,0,2
Glyma16g00300.2,1,3.5,25.6,2,1
Glyma14g04520.1,3,12.0,108.8,9,0
Glyma02g44250.1,2,8.0,69.8,6,0
Glyma04g39500.1,2,8.0,69.5,2,4
Glyma04g39500.2,2,8.0,69.5,2,4
Glyma17g36500.1,2,7.0,66.7,2,2
Glyma17g36500.2,2,7.0,66.7,2,2
Glyma17g36500.3,2,7.0,66.7,2,2
Glyma02g28530.2,1,4.0,27.7,1,0
Glyma02g28530.3,1,4.0,27.7,1,0
Glyma12g06430.1,1,4.0,31.0,2,0
Glyma06g19630.1,1,3.5,27.0,0,1
Glyma08g04630.2,1,4.0,29.9,0,0
Glyma08g04630.3,1,4.0,29.9,0,0
Glyma08g04630.4,1,4.0,29.9,0,0
Glyma20g37440.1,2,7.5,61.0,3,1
Glyma09g38080.1,1,4.0,33.4,0,2
Glyma18g09601.1,1,4.0,29.1,3,0
Glyma14g37780.1,4,14.0,121.8,3,2
Glyma02g39710.1,4,14.0,121.8,3,2
Glyma02g42440.2,7,24.0,243.9,7,0
Glyma12g02771.1,1,4.0,27.0,1,0
Glyma12g02771.2,1,4.0,27.0,1,0
Glyma12g02771.3,1,4.0,27.0,1,0
Glyma11g10471.1,1,4.0,27.0,1,0
Glyma11g08570.1,3,11.0,83.9,2,6
Glyma06g01421.1,7,19.0,236.3,4,8
Glyma04g01380.1,2,8.0,54.5,0,2
Glyma04g01380.2,2,8.0,54.5,0,2
Glyma04g01010.1,4,14.0,119.0,2,4
Glyma04g01010.2,4,14.0,119.0,2,4
Glyma08g02670.1,6,21.0,185.3,4,12
Glyma08g32490.1,2,8.0,57.8,3,0
Glyma17g20460.1,1,4.0,27.2,1,0
Glyma05g10050.2,1,4.0,27.2,1,0
Glyma05g32986.1,1,4.0,27.0,1,0
Glyma05g35170.1,1,4.0,29.5,1,0
Glyma19g38040.1,1,3.5,28.1,1,1
Glyma15g29271.1,1,3.5,27.0,1,1
Glyma15g29271.2,1,3.5,27.0,1,1
Glyma15g04680.2,1,4.0,29.9,0,0
Glyma15g04680.3,1,4.0,29.9,0,0
Glyma15g04680.4,1,4.0,29.9,0,0
Glyma03g35410.1,1,3.5,28.1,1,1
Glyma07g10460.1,3,11.0,85.7,2,6
Glyma07g10475.1,1,3.5,29.0,0,1
Glyma16g05060.1,1,3.5,33.1,0,1
Glyma14g10790.1,1,4.0,22.8,3,0
Glyma14g10790.2,1,4.0,22.8,3,0
Glyma14g10790.3,1,4.0,22.8,3,0
Glyma0090s00200.2,1,4.0,26.8,2,0
Glyma0090s00350.1,1,4.0,26.8,2,0
Glyma02g09530.1,1,4.0,22.8,2,0
Glyma02g33215.1,1,4.0,28.8,1,0
Glyma11g20880.1,1,4.0,29.7,0,0
Glyma11g07040.2,1,4.0,22.4,1,0
Glyma11g07040.1,1,4.0,22.4,1,0
Glyma0196s00210.1,1,4.0,26.8,2,0
Glyma08g44320.1,1,4.0,23.4,0,0
Glyma08g44320.2,1,4.0,23.4,0,0
Glyma08g14220.1,1,4.0,22.3,0,0
Glyma08g20420.2,1,3.5,22.2,2,1
Glyma08g27740.2,1,2.0,26.3,0,0
Glyma17g07440.1,1,4.0,25.8,1,0
Glyma13g44850.1,1,4.0,25.4,0,0
Glyma13g44850.2,1,4.0,25.4,0,0
Glyma13g01306.1,1,4.0,25.8,1,0
Glyma13g34960.2,1,4.0,22.6,2,0
Glyma13g34960.1,1,4.0,22.6,2,0
Glyma01g01070.1,1,4.0,24.5,2,0
Glyma01g01060.4,1,4.0,24.5,2,0
Glyma01g01060.1,1,4.0,24.5,2,0
Glyma19g32820.2,5,11.0,183.7,0,2
Glyma15g37900.2,1,4.0,26.8,2,0
Glyma20g33180.2,1,4.0,23.1,1,0
Glyma20g33180.1,1,4.0,23.1,1,0
Glyma09g28190.1,1,3.0,26.6,2,0
Glyma10g34380.1,1,4.0,23.1,1,0
Glyma07g01031.1,1,3.5,22.2,2,1
Glyma16g07051.1,1,4.0,26.8,2,0
Glyma16g06980.2,1,4.0,26.8,2,0
Glyma16g07100.2,1,4.0,26.8,2,0
Glyma16g07010.1,1,4.0,26.8,2,0
Glyma16g33010.1,1,3.0,26.6,2,0
Glyma16g07060.1,1,4.0,26.8,2,0
Glyma06g00310.2,2,7.0,63.6,1,0
Glyma05g32130.1,2,7.0,58.2,3,0
Glyma05g32070.1,1,4.0,28.0,0,2
Glyma15g09380.1,3,9.5,106.6,1,3
Glyma10g07730.1,2,7.0,61.6,3,4
Glyma07g31650.1,2,7.0,62.0,3,4
Glyma07g31650.2,2,7.0,62.0,3,4
Glyma11g13365.1,2,7.0,78.3,2,2
Glyma13g39040.1,1,4.0,31.7,0,0
Glyma13g30990.1,1,4.0,37.6,1,2
Glyma05g24470.1,1,4.0,37.1,0,2
Glyma15g37830.2,1,4.0,37.2,1,2
Glyma20g16070.1,1,4.0,35.3,2,2
Glyma10g08250.1,2,7.0,76.7,2,2
Glyma10g04570.1,2,8.0,75.1,2,0
Glyma17g06040.2,1,4.0,42.7,1,0
Glyma13g16630.2,1,4.0,42.7,1,0
Glyma13g16630.3,1,4.0,42.7,1,0
Glyma13g16630.4,1,4.0,42.7,1,0
Glyma13g16630.5,1,4.0,42.7,1,0
Glyma13g16630.6,1,4.0,42.7,1,0
Glyma13g16630.7,1,4.0,42.7,1,0
Glyma13g16630.8,1,4.0,42.7,1,0
Glyma13g16630.9,1,4.0,42.7,1,0
Glyma13g16630.10,1,4.0,42.7,1,0
Glyma13g16630.11,1,4.0,42.7,1,0
Glyma13g16630.12,1,4.0,42.7,1,0
Glyma13g16630.13,1,4.0,42.7,1,0
Glyma13g16630.14,1,4.0,42.7,1,0
Glyma13g16630.15,1,4.0,42.7,1,0
Glyma12g28570.1,1,4.0,28.7,0,2
Glyma19g42160.1,1,4.0,27.7,0,0
Glyma15g00770.2,1,4.0,28.3,0,2
Glyma20g08500.1,1,3.5,33.1,1,1
Glyma20g31130.2,1,3.5,26.9,0,3
Glyma20g31130.3,1,3.5,26.9,0,3
Glyma20g31130.4,1,3.5,26.9,0,3
Glyma20g31130.5,1,3.5,26.9,0,3
Glyma07g11834.1,1,4.0,26.8,1,2
Glyma07g32120.1,1,3.5,27.2,0,3
Glyma20g25570.1,2,8.0,55.0,2,4
Glyma14g34480.1,2,8.0,57.2,0,0
Glyma02g21736.1,1,4.0,29.0,3,0
Glyma03g34340.2,3,12.0,90.2,5,6
Glyma03g34340.3,3,12.0,90.2,5,6
Glyma03g34340.4,3,12.0,90.2,5,6
Glyma03g39341.1,1,4.0,29.0,1,2
Glyma02g01000.2,1,4.0,35.5,1,0
Glyma06g08680.1,1,4.0,36.2,1,2
Glyma04g08570.1,1,3.5,38.3,1,1
Glyma19g07230.1,1,4.0,33.5,3,0
Glyma19g26790.1,1,4.0,33.7,2,0
Glyma11g31450.1,1,3.5,37.1,1,1
Glyma06g08720.1,1,4.0,35.7,1,2
Glyma06g08720.5,1,4.0,35.7,1,2
Glyma06g08720.3,1,4.0,35.7,1,2
Glyma06g08720.2,1,4.0,35.7,1,2
Glyma04g08606.1,1,4.0,35.7,1,2
Glyma04g08606.2,1,4.0,35.7,1,2
Glyma18g05730.1,1,3.5,37.1,1,1
Glyma14g40415.1,1,4.0,31.1,2,0
Glyma14g40415.2,1,4.0,31.1,2,0
Glyma14g40415.3,1,4.0,31.1,2,0
Glyma02g07840.1,1,4.0,29.4,1,0
Glyma02g41870.2,1,4.0,34.3,1,0
Glyma02g41870.1,1,4.0,34.3,1,0
Glyma12g10400.1,1,4.0,30.9,1,0
Glyma12g05840.1,1,3.5,30.4,0,1
Glyma11g13870.1,1,3.5,30.4,0,1
Glyma04g06280.1,2,8.0,65.9,4,0
Glyma08g28750.1,1,3.5,30.9,0,1
Glyma08g10660.1,1,3.5,33.4,0,1
Glyma17g36260.1,2,8.0,60.2,1,0
Glyma13g41490.1,1,4.0,29.7,1,0
Glyma13g06190.1,2,6.0,71.0,0,0
Glyma13g06190.2,2,6.0,71.0,0,0
Glyma05g12406.1,1,4.0,32.3,2,0
Glyma01g21530.1,2,6.0,71.0,0,0
Glyma01g21530.2,2,6.0,71.0,0,0
Glyma19g32715.1,4,12.0,152.4,1,2
Glyma19g44410.2,1,4.0,30.6,1,0
Glyma19g44410.3,1,4.0,30.6,1,0
Glyma19g44410.4,1,4.0,30.6,1,0
Glyma19g44410.5,1,4.0,30.6,1,0
Glyma19g03681.1,2,7.0,68.8,1,0
Glyma15g03900.1,1,4.0,29.7,1,0
Glyma03g23910.1,1,3.5,30.2,1,1
Glyma03g23910.2,1,3.5,30.2,1,1
Glyma03g38391.1,2,8.0,63.8,2,0
Glyma03g29825.1,4,12.0,152.4,1,2
Glyma20g04586.1,1,4.0,30.5,0,0
Glyma20g24620.1,1,3.5,34.9,1,1
Glyma20g24620.2,1,3.5,34.9,1,1
Glyma10g42440.1,1,3.5,35.1,1,1
Glyma10g12530.1,2,7.0,66.4,3,4
Glyma10g28521.1,1,4.0,33.2,1,2
Glyma07g39150.1,2,8.0,62.1,1,0
Glyma07g07410.1,1,4.0,32.8,0,0
Glyma16g02300.2,1,4.0,30.2,0,0
Glyma16g02300.1,1,4.0,30.2,0,0
Glyma02g01170.1,1,4.0,29.8,0,0
Glyma06g43701.1,1,4.0,29.5,2,2
Glyma04g39890.3,1,4.0,28.2,2,0
Glyma04g39890.4,1,4.0,28.2,2,0
Glyma08g14840.3,1,3.5,30.7,2,3
Glyma08g14840.4,1,3.5,30.7,2,3
Glyma08g14840.5,1,3.5,30.7,2,3
Glyma08g14840.6,1,3.5,30.7,2,3
Glyma08g14840.7,1,3.5,30.7,2,3
Glyma08g14840.8,1,3.5,30.7,2,3
Glyma05g31410.1,1,4.0,31.4,1,0
Glyma05g31623.1,1,3.5,30.7,2,3
Glyma05g31623.2,1,3.5,30.7,2,3
Glyma05g31623.3,1,3.5,30.7,2,3
Glyma05g31623.4,1,3.5,30.7,2,3
Glyma01g31850.1,1,4.0,31.2,0,2
Glyma19g40810.1,1,4.0,29.8,0,0
Glyma09g33200.1,1,4.0,33.9,1,2
Glyma02g36720.1,1,4.0,24.3,0,2
Glyma08g24201.1,1,3.5,24.1,2,1
Glyma08g24201.2,1,3.5,24.1,2,1
Glyma08g24201.3,1,3.5,24.1,2,1
Glyma08g24201.4,1,3.5,24.1,2,1
Glyma17g08000.1,1,4.0,24.3,0,2
Glyma13g40293.1,1,4.0,24.6,2,0
Glyma03g03550.1,1,4.0,22.5,1,2
Glyma09g02450.3,1,4.0,24.0,0,0
Glyma09g02450.4,1,4.0,24.0,0,0
Glyma09g02450.5,1,4.0,24.0,0,0
Glyma10g31220.8,1,4.0,25.5,0,0
Glyma10g31220.9,1,4.0,25.5,0,0
Glyma10g31220.10,1,4.0,25.5,0,0
Glyma10g31220.11,1,4.0,25.5,0,0
Glyma10g31220.12,1,4.0,25.5,0,0
Glyma10g31220.13,1,4.0,25.5,0,0
Glyma07g00280.2,1,3.5,24.1,2,1
Glyma07g32740.1,1,4.0,25.2,0,0
Glyma14g03090.1,1,3.5,32.2,1,1
Glyma12g06221.1,3,12.0,96.2,3,0
Glyma11g36790.1,1,4.0,31.0,2,0
Glyma11g03580.2,1,4.0,29.8,0,2
Glyma11g14260.2,1,4.0,29.1,1,0
Glyma11g08120.2,1,4.0,30.2,1,2
Glyma06g07880.2,1,4.0,28.6,0,4
Glyma06g07880.1,1,4.0,28.6,0,4
Glyma06g19620.1,1,4.0,29.5,1,2
Glyma04g02770.2,1,3.5,32.3,2,1
Glyma04g02770.3,1,3.5,32.3,2,1
Glyma08g15560.1,1,4.0,28.8,1,2
Glyma08g10030.1,1,4.0,33.1,1,2
Glyma13g44351.1,2,7.0,61.9,2,6
Glyma13g44351.2,2,7.0,61.9,2,6
Glyma05g32290.2,1,4.0,28.8,1,2
Glyma05g32290.1,1,4.0,28.8,1,2
Glyma05g27070.1,1,4.0,30.3,1,2
Glyma01g41800.2,1,4.0,29.6,0,2
Glyma01g35720.2,1,3.5,30.3,1,3
Glyma01g26860.2,1,3.5,30.3,1,3
Glyma01g26900.2,1,3.5,30.3,1,3
Glyma19g16138.1,2,8.0,63.9,2,4
Glyma19g16138.2,2,8.0,63.9,2,4
Glyma19g22440.1,2,6.0,75.0,3,2
Glyma15g00911.1,2,7.0,61.9,2,6
Glyma03g16440.1,1,4.0,29.7,1,2
Glyma03g00400.2,1,4.0,32.3,2,2
Glyma20g22470.1,1,4.0,29.9,2,2
Glyma20g34780.3,2,6.0,63.0,1,6
Glyma20g34780.5,2,6.0,63.0,1,6
Glyma20g34780.6,2,6.0,63.0,1,6
Glyma09g23123.1,1,3.5,32.7,1,3
Glyma09g23170.1,1,4.0,31.5,1,2
Glyma09g07223.1,2,7.5,65.5,2,7
Glyma10g32860.5,3,10.0,94.9,2,6
Glyma10g32860.6,3,10.0,94.9,2,6
Glyma10g32860.7,3,10.0,94.9,2,6
Glyma10g32860.3,2,6.0,63.0,1,6
Glyma07g13260.1,1,4.0,31.0,2,0
Glyma16g28670.2,2,7.5,65.5,2,7
Glyma16g34680.2,1,4.0,32.3,2,2
Glyma16g34680.3,1,4.0,32.3,2,2
Glyma16g29010.1,1,4.0,31.5,1,2
Glyma16g07980.2,1,4.0,30.2,1,2
Glyma18g00700.1,1,4.0,31.0,2,0
Glyma18g03800.1,2,7.5,61.3,2,7
Glyma02g44100.1,1,4.0,27.6,0,0
Glyma11g15451.1,2,7.0,53.9,0,2
Glyma08g11060.3,4,16.0,104.6,7,2
Glyma08g11060.4,4,16.0,104.6,7,2
Glyma08g11060.5,4,16.0,104.6,7,2
Glyma01g01000.1,1,4.0,25.0,1,0
Glyma01g01000.2,1,4.0,25.0,1,0
Glyma01g43350.2,1,4.0,24.7,2,0
Glyma15g10090.1,3,11.5,86.8,1,3
Glyma15g04130.2,2,8.0,52.9,0,0
Glyma03g07550.2,1,4.0,25.3,1,0
Glyma20g31650.1,1,4.0,24.8,1,0
Glyma10g16420.1,1,4.0,24.6,1,2
Glyma10g35940.1,1,4.0,24.8,1,0
Glyma10g08500.3,3,12.0,79.5,3,0
Glyma10g08500.4,3,12.0,79.5,3,0
Glyma16g03550.2,1,4.0,26.5,1,0
Glyma16g03515.1,1,4.0,26.5,1,0
Glyma16g03515.2,1,4.0,26.5,1,0
Glyma16g03515.3,1,4.0,26.5,1,0
Glyma18g09516.1,1,4.0,26.6,1,2
Glyma14g04660.2,3,11.5,85.7,4,3
Glyma11g01480.1,2,8.0,53.8,1,4
Glyma11g01480.2,2,8.0,53.8,1,4
Glyma06g05320.1,5,13.0,159.9,3,0
Glyma08g13590.1,1,3.5,29.3,2,1
Glyma08g10140.1,2,7.0,64.3,3,0
Glyma05g27190.1,1,4.0,27.7,2,0
Glyma01g44010.1,2,8.0,53.8,1,4
Glyma20g11232.1,1,4.0,27.7,1,2
Glyma09g03770.1,4,14.0,124.8,6,0
Glyma09g34680.1,3,11.0,90.9,0,4
Glyma10g37760.1,2,7.0,62.9,2,2
Glyma07g07510.2,4,15.0,111.6,2,2
Glyma18g50240.1,3,12.0,83.3,0,6
Glyma12g31510.1,3,11.0,104.2,8,6
Glyma14g36590.1,1,4.0,28.7,0,0
Glyma02g38490.1,1,4.0,28.7,0,0
Glyma12g13220.1,1,4.0,25.7,0,2
Glyma06g47771.1,1,4.0,25.7,1,0
Glyma04g39520.2,1,4.0,27.1,1,2
Glyma08g16560.2,1,4.0,30.3,0,0
Glyma08g16560.3,1,4.0,30.3,0,0
Glyma08g16560.4,1,4.0,30.3,0,0
Glyma08g16560.5,1,4.0,30.3,0,0
Glyma08g16560.6,1,4.0,30.3,0,0
Glyma08g16560.7,1,4.0,30.3,0,0
Glyma08g16560.8,1,4.0,30.3,0,0
Glyma17g04790.2,1,4.0,25.9,2,0
Glyma17g03300.1,1,4.0,28.1,1,2
Glyma07g37320.1,1,4.0,28.1,1,2
Glyma07g37320.2,1,4.0,28.1,1,2
Glyma14g18140.1,1,3.5,34.8,1,1
Glyma02g17470.6,1,4.0,29.7,2,0
Glyma02g17470.2,1,4.0,29.7,2,0
Glyma11g03750.2,1,4.0,31.9,3,0
Glyma11g03750.1,1,4.0,31.9,3,0
Glyma11g03750.3,1,4.0,31.9,3,0
Glyma11g03750.4,1,4.0,31.9,3,0
Glyma11g03750.5,1,4.0,31.9,3,0
Glyma11g03750.6,1,4.0,31.9,3,0
Glyma11g03750.7,1,4.0,31.9,3,0
Glyma11g03750.8,1,4.0,31.9,3,0
Glyma08g26890.3,2,8.0,60.0,2,0
Glyma08g26890.4,1,4.0,31.7,1,0
Glyma08g47670.1,4,12.0,126.4,10,4
Glyma08g47670.2,4,12.0,126.4,10,4
Glyma08g38710.1,1,4.0,30.7,2,0
Glyma17g32651.1,1,4.0,30.7,2,0
Glyma05g15210.1,4,14.0,153.0,4,0
Glyma01g29580.2,1,4.0,33.4,1,0
Glyma01g29570.2,1,4.0,33.4,1,0
Glyma01g05440.1,4,16.0,132.4,6,0
Glyma01g29615.1,1,4.0,33.4,1,0
Glyma19g00620.1,2,7.0,69.3,0,2
Glyma09g22727.1,1,4.0,31.4,1,2
Glyma18g10610.1,1,4.0,32.8,2,0
Glyma18g21080.1,1,4.0,30.7,2,0
Glyma18g50140.1,2,8.0,60.0,2,0
Glyma18g50140.2,1,4.0,31.7,1,0
Glyma14g38500.2,2,8.0,46.2,3,4
Glyma14g13320.1,1,4.0,19.4,2,0
Glyma02g17021.1,3,9.0,63.0,3,0
Glyma02g15650.2,3,12.0,64.1,3,6
Glyma12g01730.1,3,11.0,61.9,2,0
Glyma12g01730.2,3,11.0,61.9,2,0
Glyma11g01060.1,3,12.0,70.2,2,0
Glyma11g11826.1,3,11.0,61.9,2,0
Glyma11g31761.1,3,12.0,74.9,2,0
Glyma11g17490.1,2,7.5,49.4,3,1
Glyma06g23220.1,1,3.5,19.0,1,1
Glyma06g23220.2,1,3.5,19.0,1,1
Glyma06g23220.3,1,3.5,19.0,1,1
Glyma06g04820.3,1,4.0,19.4,1,0
Glyma06g41520.1,1,3.5,20.1,1,1
Glyma06g19880.1,2,7.0,49.9,2,2
Glyma06g23630.2,1,3.5,21.4,1,1
Glyma06g23630.3,1,3.5,21.4,1,1
Glyma06g24820.3,3,11.0,63.6,0,8
Glyma06g24820.4,3,11.0,63.6,0,8
Glyma04g18940.1,3,10.5,69.7,0,7
Glyma04g18940.2,3,10.5,69.7,0,7
Glyma04g35307.1,4,16.0,102.9,4,2
Glyma04g34810.1,3,11.0,68.8,2,6
Glyma17g13280.1,1,3.0,19.0,1,0
Glyma17g11120.1,2,8.0,38.7,2,4
Glyma13g19530.2,1,4.0,21.8,2,2
Glyma13g19530.3,1,4.0,21.8,2,2
Glyma13g19530.4,1,4.0,21.8,2,2
Glyma13g19530.5,1,4.0,21.8,2,2
Glyma13g14263.1,4,16.0,100.5,4,2
Glyma13g41740.1,1,4.0,24.1,1,2
Glyma05g07730.1,1,3.0,19.0,1,0
Glyma05g07730.2,1,3.0,19.0,1,0
Glyma05g00790.1,2,8.0,38.7,2,4
Glyma01g44471.1,4,15.0,91.2,2,0
Glyma01g34700.1,2,7.5,50.8,0,3
Glyma15g10870.1,1,3.5,22.7,1,1
Glyma03g36070.1,2,7.5,42.2,2,1
Glyma03g37760.1,2,8.0,43.9,2,0
Glyma03g23416.1,2,8.0,48.6,2,2
Glyma03g03883.1,4,10.0,91.4,5,0
Glyma20g28980.1,3,7.5,70.2,2,11
Glyma20g35721.1,1,4.0,24.6,0,4
Glyma20g35721.2,1,4.0,24.6,0,4
Glyma20g35721.3,1,4.0,24.6,0,4
Glyma20g35721.4,1,4.0,24.6,0,4
Glyma20g34460.1,2,8.0,41.2,3,0
Glyma20g08100.1,2,8.0,47.8,0,4
Glyma20g20456.1,1,4.0,22.0,3,0
Glyma20g33630.1,2,8.0,42.8,3,0
Glyma09g32600.1,1,4.0,24.0,1,2
Glyma09g05221.1,2,8.0,41.5,0,4
Glyma09g09173.1,5,19.0,133.9,5,2
Glyma10g04530.1,1,4.0,19.9,1,0
Glyma10g23650.1,1,4.0,20.3,2,0
Glyma10g05160.2,1,4.0,21.8,2,2
Glyma10g05160.3,1,4.0,21.8,2,2
Glyma10g05160.4,1,4.0,21.8,2,2
Glyma10g33960.1,2,8.0,42.8,3,0
Glyma10g38760.1,3,7.5,70.2,2,11
Glyma10g26160.2,1,3.5,23.4,1,1
Glyma10g33190.1,2,8.0,41.2,3,0
Glyma10g36050.2,1,4.0,23.4,0,0
Glyma10g36050.1,1,4.0,23.4,0,0
Glyma10g36050.3,1,4.0,23.4,0,0
Glyma07g14791.1,2,8.0,40.1,2,0
Glyma07g32780.2,3,12.0,64.1,3,6
Glyma07g01740.1,1,4.0,22.5,0,0
Glyma18g22880.1,1,3.5,19.0,1,1
Glyma12g03400.1,1,3.5,30.5,1,1
Glyma11g11240.1,1,3.5,30.5,1,1
Glyma04g34620.1,1,4.0,32.9,1,0
Glyma04g01980.1,1,4.0,34.4,0,4
Glyma04g01980.2,1,4.0,34.4,0,4
Glyma04g34924.1,1,4.0,32.6,0,2
Glyma13g21490.1,3,12.0,89.9,0,6
Glyma05g24530.1,1,4.0,34.0,0,2
Glyma09g03130.1,1,4.0,32.3,1,0
Glyma10g02290.1,1,4.0,34.8,0,2
Glyma10g02290.2,1,4.0,34.8,0,2
Glyma07g06090.1,1,4.0,32.6,0,2
Glyma12g10590.1,1,3.0,26.7,0,0
Glyma11g33720.1,3,11.5,102.9,0,5
Glyma11g37330.1,1,4.0,27.7,0,2
Glyma11g37330.2,1,4.0,27.7,0,2
Glyma11g24934.1,3,12.0,80.1,4,2
Glyma06g46180.1,1,3.0,26.7,0,0
Glyma06g04390.1,1,3.5,26.6,0,1
Glyma17g19161.1,1,4.0,28.0,2,2
Glyma17g16831.1,1,3.5,30.6,0,1
Glyma17g15295.1,3,11.5,93.6,0,5
Glyma05g36870.1,2,7.0,60.7,2,4
Glyma05g28040.1,1,4.0,28.9,1,2
Glyma05g28040.2,1,4.0,28.9,1,2
Glyma01g11390.3,2,8.0,53.8,5,0
Glyma01g11390.4,2,8.0,53.8,5,0
Glyma01g22620.1,4,15.0,116.8,3,8
Glyma01g40550.1,1,3.5,30.6,0,1
Glyma19g05970.2,1,4.0,28.0,2,2
Glyma19g10580.1,3,12.0,88.8,3,8
Glyma19g24300.1,2,8.0,56.3,2,4
Glyma15g30066.1,1,4.0,28.0,2,2
Glyma15g36285.1,1,3.5,27.8,0,3
Glyma03g27701.1,1,4.0,28.0,2,2
Glyma20g30430.1,1,3.5,30.3,0,1
Glyma09g24376.1,1,4.0,28.0,2,2
Glyma10g37210.1,1,3.5,30.3,0,1
Glyma10g09735.1,3,12.0,82.3,4,2
Glyma10g09180.1,3,8.5,87.9,0,5
Glyma10g30680.1,3,10.0,84.0,0,2
Glyma07g12415.1,3,12.0,82.3,4,2
Glyma16g06840.1,2,6.0,56.3,2,4
Glyma18g47620.1,3,12.0,90.6,2,0
Glyma18g12005.1,3,12.0,80.1,4,2
Glyma08g41260.2,1,4.0,29.4,1,2
Glyma13g27990.2,1,4.0,32.2,1,0
Glyma15g11040.1,1,4.0,32.2,1,0
Glyma03g23960.1,1,4.0,30.7,2,0
Glyma03g21370.1,1,4.0,30.1,1,2
Glyma03g21370.2,1,4.0,30.1,1,2
Glyma07g12400.1,1,3.0,31.5,1,0
Glyma07g12400.3,1,3.0,31.5,1,0
Glyma07g12400.4,1,3.0,31.5,1,0
Glyma18g15020.1,1,4.0,29.4,1,2
Glyma08g20920.1,3,11.0,101.7,4,2
Glyma08g20920.2,3,11.0,101.7,4,2
Glyma08g26340.1,2,7.0,75.8,3,4
Glyma08g26340.2,2,7.0,75.8,3,4
Glyma08g03020.1,1,3.5,34.6,0,1
Glyma05g27250.1,2,6.0,80.4,3,2
Glyma05g36530.1,2,7.0,74.0,1,0
Glyma01g00291.1,1,4.0,35.7,0,0
Glyma01g41960.1,2,5.0,79.4,1,4
Glyma0273s00200.1,2,6.0,80.4,3,2
Glyma19g23570.1,1,4.0,36.3,1,0
Glyma15g43289.1,1,4.0,35.7,0,0
Glyma15g43289.2,1,4.0,35.7,0,0
Glyma03g02610.1,1,4.0,39.8,0,0
Glyma20g31480.1,2,8.0,81.2,2,0
Glyma10g36140.1,2,8.0,81.2,2,0
Glyma07g33980.1,1,4.0,34.4,1,2
Glyma0103s100.1,1,4.0,35.7,0,0
Glyma06g32860.1,1,3.5,29.7,0,1
Glyma02g22751.1,2,8.0,54.3,2,0
Glyma02g29564.1,2,8.0,54.3,2,0
Glyma02g34601.1,2,8.0,54.3,2,0
Glyma11g07496.1,1,4.0,24.4,1,0
Glyma04g12756.1,2,8.0,54.3,2,0
Glyma08g43170.1,2,8.0,49.3,6,0
Glyma08g36433.1,2,8.0,54.3,2,0
Glyma08g28057.1,2,8.0,54.3,2,0
Glyma08g43530.1,2,8.0,49.3,6,0
Glyma17g19238.1,2,8.0,54.3,2,0
Glyma13g33817.1,2,8.0,49.6,2,0
Glyma19g44750.1,2,7.0,49.8,1,0
Glyma15g30044.1,2,8.0,54.3,2,0
Glyma03g07336.1,2,8.0,54.3,2,0
Glyma20g18792.1,1,4.0,24.8,1,0
Glyma20g38130.1,2,6.0,52.3,2,0
Glyma20g24830.1,1,3.0,25.5,0,0
Glyma20g24830.2,1,3.0,25.5,0,0
Glyma20g18421.1,2,8.0,53.9,2,0
Glyma09g39770.1,1,4.0,26.3,0,2
Glyma10g11713.1,2,8.0,54.3,2,0
Glyma07g13312.1,2,8.0,54.3,2,0
Glyma07g24513.1,2,8.0,54.3,2,0
Glyma18g03870.1,2,7.0,56.5,3,2
Glyma18g46420.2,1,4.0,26.3,0,2
Glyma14g18790.1,2,7.5,58.2,6,3
Glyma02g07850.1,3,11.5,95.2,3,1
Glyma11g34250.1,4,14.5,124.4,1,1
Glyma15g11770.2,4,9.0,126.4,1,0
Glyma03g03090.1,1,4.0,29.7,2,2
Glyma16g26870.1,3,11.5,95.2,3,1
Glyma11g00960.1,1,4.0,27.3,1,2
Glyma16g33500.1,1,4.0,30.7,2,2
Glyma20g25540.3,1,4.0,31.1,1,2
Glyma20g25540.4,1,4.0,31.1,1,2
Glyma07g08601.1,2,8.0,64.6,4,0
Glyma02g04190.1,2,7.0,64.0,3,2
Glyma16g03440.1,9,21.0,369.5,10,10
Glyma06g09870.1,1,4.0,29.3,0,0
Glyma06g09870.2,1,4.0,29.3,0,0
Glyma04g09790.1,1,4.0,29.3,0,0
Glyma04g09790.2,1,4.0,29.3,0,0
Glyma19g40920.2,2,7.0,48.1,0,2
Glyma19g40920.3,2,7.0,48.1,0,2
Glyma19g40920.4,2,7.0,48.1,0,2
Glyma03g38330.1,2,7.0,48.1,0,2
Glyma03g02320.1,1,4.0,23.2,1,0
Glyma03g02470.1,1,4.0,23.2,1,0
Glyma07g09170.1,1,4.0,23.2,1,0
Glyma14g24190.2,2,6.5,50.1,1,1
Glyma14g24190.3,2,6.5,50.1,1,1
Glyma02g11060.1,1,4.0,29.8,1,2
Glyma02g16810.3,1,4.0,22.3,2,0
Glyma02g16810.1,1,4.0,22.3,2,0
Glyma02g16810.2,1,4.0,22.3,2,0
Glyma02g26450.2,2,6.5,50.1,1,1
Glyma02g26450.3,2,6.5,50.1,1,1
Glyma12g36510.2,1,4.0,25.3,0,0
Glyma12g36510.3,1,4.0,25.3,0,0
Glyma12g09460.3,1,3.5,24.3,1,1
Glyma12g09460.1,1,3.5,24.3,1,1
Glyma11g09660.1,1,4.0,23.0,1,2
Glyma06g10880.1,1,4.0,21.3,0,2
Glyma08g20710.2,2,7.5,45.5,0,1
Glyma08g20710.3,2,7.5,45.5,0,1
Glyma08g20710.4,2,7.5,45.5,0,1
Glyma08g20710.5,2,7.5,45.5,0,1
Glyma13g13383.1,1,3.5,21.9,1,1
Glyma05g30020.1,1,4.0,21.7,1,0
Glyma05g30020.2,1,4.0,21.7,1,0
Glyma05g36860.1,1,3.0,21.1,1,0
Glyma01g04468.2,2,7.5,42.8,4,1
Glyma01g04468.3,2,7.5,42.8,4,1
Glyma01g03040.1,3,11.0,74.6,0,6
Glyma15g18840.2,1,4.0,24.0,0,2
Glyma15g18840.3,1,4.0,24.0,0,2
Glyma03g32550.1,2,7.5,47.3,1,5
Glyma03g16224.1,1,4.0,23.0,0,0
Glyma20g06615.1,1,4.0,22.9,0,2
Glyma20g27300.1,1,3.5,23.4,0,3
Glyma20g33470.2,2,7.5,42.0,0,3
Glyma09g07640.1,1,4.0,24.0,0,2
Glyma09g06780.1,1,4.0,28.0,2,0
Glyma07g01310.1,2,7.5,45.5,0,1
Glyma07g37210.1,1,4.0,27.1,0,0
Glyma13g12018.1,13,0.0,493.8,0,0
Glyma13g43070.2,6,22.0,152.2,10,0
Glyma19g27660.1,7,25.0,188.4,1,14
Glyma19g27660.2,7,25.0,188.4,1,14
Glyma14g08070.1,1,4.0,28.4,1,2
Glyma06g24655.1,1,3.5,30.8,1,1
Glyma04g07220.1,1,4.0,31.3,2,2
Glyma17g15540.2,1,3.0,32.2,2,2
Glyma17g36950.1,1,4.0,28.4,1,2
Glyma01g21734.1,1,4.0,31.3,1,2
Glyma19g28530.2,2,6.5,57.4,0,1
Glyma03g05460.1,2,8.0,66.5,0,4
Glyma10g04620.1,1,3.5,29.5,2,1
Glyma10g16363.1,1,4.0,29.0,1,2
Glyma07g19820.1,2,8.0,57.0,0,2
Glyma07g35300.1,1,4.0,31.6,1,2
Glyma07g35300.2,1,4.0,31.6,1,2
Glyma16g04710.1,2,6.5,57.4,0,1
Glyma18g51560.3,1,4.0,28.5,1,0
Glyma18g51560.4,1,4.0,28.5,1,0
Glyma18g15180.2,1,4.0,28.8,0,2
Glyma14g31650.1,3,10.0,99.5,7,6
Glyma11g37910.1,3,11.5,94.0,5,1
Glyma06g02520.1,1,3.5,32.2,1,1
Glyma04g18431.1,1,4.0,31.6,1,0
Glyma04g18431.2,1,4.0,31.6,1,0
Glyma04g18431.3,1,4.0,31.6,1,0
Glyma13g38930.1,2,8.0,61.5,2,4
Glyma13g38930.2,2,8.0,61.5,2,4
Glyma09g06173.1,3,10.5,94.4,3,3
Glyma09g06173.2,3,10.5,94.4,3,3
Glyma18g01820.1,2,8.0,63.5,3,0
Glyma11g31367.1,1,4.0,28.9,0,0
Glyma02g12380.3,3,12.0,73.7,0,6
Glyma02g12380.4,3,12.0,73.7,0,6
Glyma11g01405.1,3,12.0,82.1,2,2
Glyma11g01405.2,3,12.0,82.1,2,2
Glyma08g26136.1,3,11.0,89.0,2,6
Glyma08g04950.1,3,10.5,75.2,0,9
Glyma08g04950.2,3,10.5,75.2,0,9
Glyma17g29670.1,1,4.0,25.6,0,0
Glyma17g29670.2,1,4.0,25.6,0,0
Glyma13g32720.2,1,3.5,31.5,1,1
Glyma13g32720.1,1,3.5,31.5,1,1
Glyma13g32720.3,1,3.5,31.5,1,1
Glyma01g02790.1,1,4.0,31.6,2,0
Glyma01g02790.2,1,4.0,31.6,2,0
Glyma01g06300.1,3,12.0,73.7,0,6
Glyma15g06600.1,1,3.5,31.5,1,1
Glyma20g02040.1,1,4.0,26.9,3,0
Glyma20g01850.1,1,4.0,26.9,3,0
Glyma20g01820.2,1,4.0,26.9,3,0
Glyma09g04890.1,1,3.5,24.9,1,1
Glyma09g38120.1,4,15.0,109.2,3,8
Glyma09g11690.1,1,4.0,24.4,2,0
Glyma09g11690.2,1,4.0,24.4,2,0
Glyma16g23680.2,1,4.0,23.9,2,0
Glyma18g48260.1,3,11.0,75.1,2,6
Glyma14g01990.1,1,4.0,28.6,0,0
Glyma14g01990.2,1,4.0,28.6,0,0
Glyma12g32680.1,1,4.0,28.7,1,0
Glyma08g14760.1,1,4.0,31.5,1,0
Glyma17g16350.3,1,4.0,29.8,0,0
Glyma17g16350.4,1,4.0,29.8,0,0
Glyma13g37790.1,1,4.0,28.7,1,0
Glyma05g31530.1,1,4.0,31.5,1,0
Glyma19g40980.1,2,8.0,64.6,5,0
Glyma15g06131.1,1,4.0,32.2,1,0
Glyma09g24930.2,1,4.0,33.0,4,0
Glyma09g24930.3,1,4.0,33.0,4,0
Glyma09g24930.4,1,4.0,33.0,4,0
Glyma10g32480.2,1,4.0,32.1,1,2
Glyma10g32480.3,1,4.0,32.1,1,2
Glyma16g29990.2,1,4.0,33.0,4,0
Glyma04g10260.1,1,4.0,45.3,2,2
Glyma12g08210.2,1,3.5,27.9,2,1
Glyma12g08210.3,1,3.5,27.9,2,1
Glyma12g08210.4,1,3.5,27.9,2,1
Glyma12g08210.5,1,3.5,27.9,2,1
Glyma12g08915.1,1,3.5,27.5,0,1
Glyma20g23760.1,1,3.5,32.6,1,1
Glyma10g43131.1,1,3.5,32.6,1,1
Glyma10g40140.1,1,4.0,27.2,1,2
Glyma06g12800.2,1,4.0,27.7,1,2
Glyma06g12800.3,1,4.0,27.7,1,2
Glyma08g29090.1,1,3.5,34.1,1,1
Glyma17g05020.1,1,4.0,27.4,1,0
Glyma17g05020.2,1,4.0,27.4,1,0
Glyma13g17490.2,1,4.0,27.4,1,0
Glyma13g17490.1,1,4.0,27.4,1,0
Glyma13g17490.3,1,4.0,27.4,1,0
Glyma19g34890.1,3,11.5,88.2,3,1
Glyma19g34890.2,3,11.5,88.2,3,1
Glyma19g36270.3,1,4.0,26.9,1,0
Glyma19g36270.4,1,4.0,26.9,1,0
Glyma15g20210.1,1,4.0,27.4,1,0
Glyma20g23400.1,2,8.0,67.6,0,4
Glyma09g06260.1,1,4.0,28.0,0,2
Glyma16g23763.1,1,4.0,31.1,3,0
Glyma16g17240.1,1,4.0,31.1,2,0
Glyma14g39840.1,3,10.0,126.5,3,2
Glyma14g39840.3,3,10.0,126.5,3,2
Glyma14g39840.2,3,10.0,126.5,3,2
Glyma11g20920.1,1,3.0,42.1,2,0
Glyma17g07180.1,2,7.5,77.7,3,1
Glyma17g07170.1,2,7.5,77.7,3,1
Glyma05g35320.2,2,7.5,73.6,1,1
Glyma05g35320.3,2,7.5,73.6,1,1
Glyma05g35320.4,2,7.5,73.6,1,1
Glyma01g31660.2,1,4.0,36.7,0,0
Glyma1332s00200.1,1,4.0,36.7,0,0
Glyma19g26830.1,3,10.0,116.8,3,6
Glyma03g05580.1,1,4.0,36.7,0,0
Glyma10g39740.1,3,10.0,115.8,5,0
Glyma19g29450.1,1,4.0,25.5,1,2
Glyma16g33530.1,1,4.0,26.4,2,0
Glyma08g40270.1,2,6.5,72.2,2,3
Glyma13g07620.1,1,4.0,39.3,1,0
Glyma01g37690.2,4,15.5,134.3,5,9
Glyma01g43933.1,2,8.0,55.3,0,0
Glyma08g08770.2,3,8.0,103.0,2,0
Glyma14g08790.1,1,3.0,30.5,1,0
Glyma12g29370.2,1,3.0,31.1,0,2
Glyma06g08670.1,1,4.0,28.9,2,0
Glyma06g08670.2,1,4.0,28.9,2,0
Glyma06g14120.1,1,4.0,31.4,0,2
Glyma06g22296.1,1,4.0,30.8,1,0
Glyma06g22296.2,1,4.0,30.8,1,0
Glyma04g32251.1,1,4.0,30.8,1,0
Glyma04g32251.2,1,4.0,30.8,1,0
Glyma04g40680.1,1,4.0,31.4,0,2
Glyma04g27341.1,1,4.0,29.7,1,0
Glyma04g08560.1,1,4.0,28.9,2,0
Glyma08g03310.1,1,4.0,30.0,0,2
Glyma08g13230.1,2,4.5,63.4,0,5
Glyma08g44180.1,1,4.0,34.6,0,0
Glyma08g19650.2,1,4.0,29.9,0,2
Glyma08g19650.3,1,4.0,29.9,0,2
Glyma17g04990.1,1,4.0,27.5,1,0
Glyma05g36310.1,1,4.0,30.0,0,2
Glyma05g33070.1,1,4.0,28.5,1,2
Glyma15g19533.1,1,3.5,28.5,0,1
Glyma15g05350.1,1,4.0,29.9,0,2
Glyma03g01410.2,1,3.5,29.3,1,1
Glyma03g01410.4,1,3.5,29.3,1,1
Glyma03g01891.1,1,3.5,30.4,1,1
Glyma03g01891.2,1,3.5,30.4,1,1
Glyma03g01891.3,1,3.5,30.4,1,1
Glyma09g20386.1,1,4.0,30.4,0,0
Glyma10g07360.1,1,3.0,28.2,2,2
Glyma07g30540.2,1,3.5,27.4,1,1
Glyma16g20490.1,1,3.0,29.0,0,2
Glyma16g20490.2,1,3.0,29.0,0,2
Glyma18g08561.1,1,4.0,34.6,0,0
Glyma08g37630.1,1,4.0,27.7,2,0
Glyma15g37780.1,1,4.0,26.7,2,0
Glyma14g17800.1,1,3.5,33.0,2,1
Glyma02g04780.1,2,8.0,68.3,2,0
Glyma04g09270.1,1,4.0,31.5,1,0
Glyma17g29140.2,1,3.5,33.0,2,1
Glyma17g29140.3,1,3.5,33.0,2,1
Glyma17g29140.1,1,3.5,33.0,2,1
Glyma13g34720.1,1,4.0,33.5,0,2
Glyma19g41380.2,1,3.5,31.1,2,1
Glyma19g41380.3,1,3.5,31.1,2,1
Glyma20g35650.1,1,3.5,32.7,2,1
Glyma09g17220.3,1,4.0,32.7,0,0
Glyma09g17220.1,1,4.0,32.7,0,0
Glyma09g17220.4,1,4.0,32.7,0,0
Glyma09g17220.5,1,4.0,32.7,0,0
Glyma09g17220.6,1,4.0,32.7,0,0
Glyma10g32000.1,1,3.5,32.7,2,1
Glyma13g28430.1,1,4.0,34.1,1,2
Glyma13g28430.2,1,4.0,34.1,1,2
Glyma14g07390.2,1,4.0,31.5,1,0
Glyma14g07390.1,1,4.0,31.5,1,0
Glyma11g35580.1,2,6.5,68.5,0,1
Glyma06g10746.1,1,3.5,32.5,2,1
Glyma06g10746.2,1,3.5,32.5,2,1
Glyma14g25430.1,1,3.5,27.7,1,1
Glyma14g25380.1,1,4.0,27.0,1,2
Glyma14g37420.2,1,4.0,27.4,0,0
Glyma14g25480.2,1,3.5,27.7,1,1
Glyma14g25340.1,1,3.5,27.7,1,1
Glyma02g28980.1,1,4.0,25.8,0,0
Glyma12g30510.2,1,4.0,27.0,2,0
Glyma11g19560.2,1,3.0,29.1,1,2
Glyma11g08360.1,2,7.0,56.8,2,2
Glyma06g47910.1,1,4.0,26.9,0,0
Glyma06g21100.1,1,4.0,28.0,1,0
Glyma06g17190.1,1,4.0,28.3,1,0
Glyma06g23620.1,1,4.0,30.9,0,2
Glyma06g40620.1,1,4.0,27.7,1,0
Glyma06g40620.2,1,4.0,27.7,1,0
Glyma04g38360.1,1,3.0,27.6,0,0
Glyma08g44140.2,1,4.0,26.6,1,2
Glyma08g44140.1,1,4.0,26.6,1,2
Glyma08g45725.1,1,4.0,27.3,1,0
Glyma08g09120.1,1,4.0,25.9,1,0
Glyma13g30410.2,1,4.0,26.2,2,0
Glyma13g30410.3,1,4.0,26.2,2,0
Glyma13g30410.1,1,4.0,26.2,2,0
Glyma13g09430.2,1,3.5,27.1,1,1
Glyma13g19440.2,1,4.0,26.3,0,0
Glyma13g19440.1,1,4.0,26.3,0,0
Glyma13g27170.2,1,4.0,31.1,1,0
Glyma13g27170.3,1,4.0,31.1,1,0
Glyma13g44480.1,2,7.0,56.8,2,2
Glyma13g32990.1,1,4.0,25.6,1,0
Glyma05g26180.3,1,4.0,25.9,1,0
Glyma01g30560.1,1,4.0,26.6,1,0
Glyma19g00746.1,1,4.0,27.0,1,0
Glyma19g03190.1,1,4.0,28.2,1,2
Glyma19g42320.1,1,3.5,30.2,1,3
Glyma15g09830.1,1,4.0,26.0,1,2
Glyma03g04330.2,2,7.0,61.8,3,0
Glyma03g04330.3,2,7.0,61.8,3,0
Glyma20g00320.1,1,3.0,28.8,3,0
Glyma20g27093.1,1,4.0,31.2,0,0
Glyma20g37026.1,1,3.5,27.8,0,1
Glyma20g37026.2,1,3.5,27.8,0,1
Glyma09g42180.2,1,4.0,27.9,3,0
Glyma10g43230.1,1,4.0,25.4,3,0
Glyma10g05080.2,1,4.0,26.3,0,0
Glyma16g29274.1,1,4.0,28.0,1,0
Glyma16g29274.2,1,4.0,28.0,1,0
Glyma16g29274.3,1,4.0,28.0,1,0
Glyma16g30160.2,1,4.0,27.6,0,0
Glyma16g30160.3,1,4.0,27.6,0,0
Glyma16g30160.4,1,4.0,27.6,0,0
Glyma16g30160.5,1,4.0,27.6,0,0
Glyma16g30160.6,1,4.0,27.6,0,0
Glyma16g30160.7,1,4.0,27.6,0,0
Glyma16g30160.1,1,4.0,27.6,0,0
Glyma16g30160.8,1,4.0,27.6,0,0
Glyma16g29200.2,1,4.0,28.0,1,0
Glyma16g29080.2,1,4.0,28.0,1,0
Glyma16g29080.3,1,4.0,28.0,1,0
Glyma18g51240.1,1,3.5,28.1,2,1
Glyma13g04540.1,1,4.0,29.2,1,0
Glyma13g04540.2,1,4.0,29.2,1,0
Glyma13g07925.1,2,7.5,62.2,4,5
Glyma13g07925.2,2,7.5,62.2,4,5
Glyma13g07925.3,2,7.5,62.2,4,5
Glyma13g07925.4,2,7.5,62.2,4,5
Glyma13g07925.5,2,7.5,62.2,4,5
Glyma13g07925.6,2,7.5,62.2,4,5
Glyma01g09190.1,1,4.0,28.2,2,0
Glyma20g31940.1,2,7.5,62.2,4,5
Glyma20g33531.1,1,4.0,28.4,1,2
Glyma10g36600.3,2,7.0,55.6,2,2
Glyma10g35610.1,2,7.5,62.2,4,5
Glyma13g05270.1,1,4.0,28.6,2,2
Glyma14g10456.1,1,3.0,26.1,1,2
Glyma14g10456.2,1,3.0,26.1,1,2
Glyma12g05480.2,1,4.0,24.1,1,2
Glyma11g13480.2,1,4.0,24.1,1,2
Glyma11g13480.1,1,4.0,24.1,1,2
Glyma06g19590.1,1,4.0,24.6,1,0
Glyma17g35060.2,1,3.0,26.1,1,2
Glyma17g35060.1,1,3.0,26.1,1,2
Glyma13g06151.1,1,3.5,26.5,0,1
Glyma01g35291.1,1,3.5,24.5,1,1
Glyma01g35291.2,1,3.5,24.5,1,1
Glyma01g21580.1,1,3.5,26.5,0,1
Glyma19g39540.2,1,3.5,26.2,1,1
Glyma19g39540.1,1,3.5,26.2,1,1
Glyma19g35080.1,1,4.0,28.3,2,2
Glyma03g36893.1,1,3.5,26.2,1,1
Glyma03g40651.1,1,4.0,28.1,1,2
Glyma20g33760.1,1,4.0,25.2,0,2
Glyma09g34720.1,1,3.5,24.5,1,1
Glyma09g24400.1,1,4.0,23.9,2,0
Glyma10g35640.1,1,3.0,25.1,0,2
Glyma16g33340.1,1,3.0,25.2,1,0
Glyma16g29740.1,1,4.0,23.9,2,0
Glyma18g14541.1,1,4.0,26.7,1,0
Glyma07g10321.1,2,7.0,52.3,0,2
Glyma17g31537.1,1,4.0,26.1,1,0
Glyma17g31537.2,1,4.0,26.1,1,0
Glyma03g01941.1,2,8.0,58.7,0,4
Glyma07g08550.2,2,8.0,58.7,0,4
Glyma06g45740.2,3,11.0,93.5,5,4
Glyma06g45740.3,3,11.0,93.5,5,4
Glyma18g49171.1,1,4.0,24.2,1,0
Glyma18g49152.1,1,4.0,24.2,1,0
Glyma19g02061.1,2,8.0,52.9,0,0
Glyma10g04500.1,1,4.0,27.2,0,2
Glyma10g43510.1,1,4.0,26.3,2,0
Glyma07g02460.2,1,3.5,27.8,1,1
Glyma07g02460.1,1,3.5,27.8,1,1
Glyma12g29160.1,2,7.0,62.7,2,6
Glyma10g31280.1,2,8.0,65.5,2,4
Glyma14g39180.1,1,3.5,28.1,1,1
Glyma14g04480.1,1,4.0,29.3,1,0
Glyma14g04480.2,1,4.0,29.3,1,0
Glyma02g39640.2,1,3.0,32.5,3,0
Glyma12g36350.1,1,3.0,32.7,3,0
Glyma04g31220.1,1,4.0,29.9,0,0
Glyma04g34640.1,1,4.0,28.1,2,2
Glyma04g10481.1,2,7.0,54.1,2,0
Glyma04g10481.2,2,7.0,54.1,2,0
Glyma08g18750.4,1,4.0,26.8,2,2
Glyma08g18750.5,1,4.0,26.8,2,2
Glyma08g18750.2,1,4.0,26.8,2,2
Glyma08g07080.2,1,4.0,30.0,1,0
Glyma08g27993.1,1,3.5,32.1,3,1
Glyma08g27993.2,1,3.5,32.1,3,1
Glyma13g33910.1,1,4.0,31.1,2,0
Glyma13g33910.3,1,4.0,31.1,2,0
Glyma13g21380.1,1,4.0,30.9,0,0
Glyma05g13870.1,1,4.0,29.4,1,2
Glyma19g43910.1,1,4.0,29.3,2,0
Glyma15g40140.1,1,4.0,26.8,2,2
Glyma20g36060.1,1,3.0,32.7,3,0
Glyma20g25790.1,1,4.0,30.5,2,2
Glyma20g30590.1,1,2.5,29.1,1,1
Glyma10g37020.1,1,3.0,28.0,2,0
Glyma16g08430.1,1,3.5,29.3,0,1
Glyma18g39500.1,1,4.0,31.8,1,2
Glyma18g02810.2,1,4.0,29.4,1,2
Glyma18g02810.3,1,4.0,29.4,1,2
Glyma05g26980.1,2,6.5,78.7,2,1
Glyma17g13850.2,1,4.0,32.3,1,0
Glyma01g01470.1,1,4.0,30.6,1,2
Glyma20g36220.1,1,4.0,35.6,0,2
Glyma09g34300.1,1,4.0,30.6,1,2
Glyma14g09310.3,2,7.0,63.6,3,0
Glyma14g09310.1,2,7.0,63.6,3,0
Glyma02g40940.1,2,7.0,63.4,3,2
Glyma20g22865.1,2,7.0,62.6,5,0
Glyma20g22865.2,2,7.0,62.6,5,0
Glyma07g28690.1,2,6.0,75.0,2,0
Glyma13g38900.1,1,3.0,25.5,0,0
Glyma02g39160.2,1,4.0,34.9,1,0
Glyma02g17040.1,1,3.5,32.6,0,3
Glyma02g17040.2,1,3.5,32.6,0,3
Glyma02g17040.3,1,3.5,32.6,0,3
Glyma02g17040.5,1,3.5,32.6,0,3
Glyma11g38040.1,2,8.0,69.2,2,0
Glyma04g06650.1,1,4.0,30.6,2,0
Glyma08g27670.1,1,4.0,30.7,2,2
Glyma05g18359.1,1,3.5,32.5,1,1
Glyma20g38200.1,2,8.0,67.9,3,0
Glyma09g06690.1,1,4.0,31.0,2,0
Glyma09g06690.2,1,4.0,31.0,2,0
Glyma09g06330.2,2,7.0,61.2,4,0
Glyma10g02760.2,1,3.5,32.6,0,3
Glyma18g50900.1,1,4.0,30.7,2,2
Glyma18g50900.2,1,4.0,30.7,2,2
Glyma19g32070.1,1,4.0,32.8,3,0
Glyma03g29330.1,1,4.0,32.8,3,0
Glyma14g28780.1,1,4.0,28.3,1,2
Glyma14g04070.1,2,7.0,56.2,2,2
Glyma02g03860.1,2,8.0,54.9,2,6
Glyma02g13616.1,2,7.0,57.3,4,2
Glyma02g44670.1,2,7.0,56.2,2,2
Glyma12g05671.1,2,6.5,57.5,3,3
Glyma12g05671.2,2,6.5,57.5,3,3
Glyma12g31840.1,2,8.0,56.0,3,0
Glyma12g01310.1,1,4.0,29.5,0,2
Glyma12g32030.1,3,12.0,85.4,5,2
Glyma11g13670.1,1,3.5,28.4,1,3
Glyma06g01950.2,1,4.0,28.5,2,0
Glyma06g01950.3,1,4.0,28.5,2,0
Glyma06g01950.4,1,4.0,28.5,2,0
Glyma06g04650.1,3,12.0,89.4,3,6
Glyma06g04650.2,3,12.0,89.4,3,6
Glyma06g42340.1,2,5.5,58.3,0,3
Glyma04g40770.1,1,4.0,28.1,1,0
Glyma04g40770.5,1,4.0,28.1,1,0
Glyma04g40770.6,1,4.0,28.1,1,0
Glyma08g11460.1,2,8.0,67.6,0,0
Glyma17g35351.1,1,4.0,27.5,1,4
Glyma17g00770.2,1,4.0,28.5,1,2
Glyma17g00770.3,1,4.0,28.5,1,2
Glyma13g26260.1,2,8.0,59.0,4,0
Glyma05g28460.1,2,8.0,67.6,0,0
Glyma01g03830.1,2,8.0,54.9,2,6
Glyma15g40166.1,2,7.5,61.5,2,3
Glyma15g03500.1,1,3.5,28.4,2,1
Glyma09g36040.1,1,4.0,29.5,0,2
Glyma09g11960.1,2,8.0,59.0,4,0
Glyma10g07620.2,2,7.0,59.2,0,2
Glyma07g40050.3,1,3.5,28.2,1,1
Glyma07g40050.4,1,3.5,28.2,1,1
Glyma07g40050.5,1,3.5,28.2,1,1
Glyma07g40050.6,1,3.5,28.2,1,1
Glyma16g08240.1,2,7.0,56.6,1,8
Glyma18g38410.1,2,6.0,55.7,4,4
Glyma07g11384.1,1,4.0,30.3,1,0
Glyma14g19220.2,2,6.0,73.1,2,4
Glyma14g19220.1,2,6.0,73.1,2,4
Glyma14g35091.1,2,8.0,73.4,0,0
Glyma14g38420.2,1,2.5,39.1,1,1
Glyma14g38420.1,1,2.5,39.1,1,1
Glyma02g06610.1,1,3.0,35.7,0,2
Glyma12g06150.1,1,3.5,35.0,2,1
Glyma12g35730.1,1,3.5,36.3,1,1
Glyma11g14171.1,1,4.0,32.1,2,2
Glyma11g37680.2,1,4.0,33.8,1,0
Glyma11g10281.1,1,4.0,32.6,1,0
Glyma11g10281.2,1,4.0,32.6,1,0
Glyma06g14590.1,1,4.0,32.7,2,0
Glyma06g01620.1,1,3.5,31.9,0,1
Glyma04g40220.2,1,4.0,32.7,2,0
Glyma08g43046.1,1,4.0,33.1,0,2
Glyma08g43046.2,1,4.0,33.1,0,2
Glyma08g43053.1,1,4.0,33.1,0,2
Glyma08g43053.2,1,4.0,33.1,0,2
Glyma08g22340.1,1,4.0,32.5,0,0
Glyma08g04170.1,1,4.0,37.1,1,0
Glyma08g04170.3,1,4.0,37.1,1,0
Glyma08g04170.2,1,4.0,37.1,1,0
Glyma13g34670.1,1,3.5,36.3,1,1
Glyma05g35570.1,2,8.0,80.9,1,2
Glyma01g02920.2,1,4.0,34.5,2,2
Glyma01g03810.1,1,4.0,32.5,0,0
Glyma01g35910.2,1,4.0,34.2,0,0
Glyma15g16650.1,2,8.0,77.8,4,2
Glyma03g01070.1,1,3.0,35.7,2,2
Glyma09g05010.2,1,4.0,31.5,1,0
Glyma09g05010.1,1,4.0,31.5,1,0
Glyma10g37350.1,1,4.0,34.7,0,2
Glyma07g06810.1,1,2.5,34.7,0,1
Glyma07g03740.1,1,4.0,32.5,0,0
Glyma16g23030.3,1,3.5,32.4,1,1
Glyma16g23030.2,1,3.5,32.4,1,1
Glyma16g23030.4,1,3.5,32.4,1,1
Glyma16g03375.1,1,4.0,33.3,1,0
Glyma18g10040.1,1,4.0,33.3,0,0
Glyma14g03340.1,2,5.5,65.3,0,1
Glyma14g03340.2,2,5.5,65.3,0,1
Glyma12g34410.2,1,4.0,28.7,1,0
Glyma12g34410.1,1,4.0,28.7,1,0
Glyma06g48170.3,1,3.5,32.0,1,1
Glyma06g48170.4,1,3.5,32.0,1,1
Glyma06g18630.1,1,3.5,29.5,0,1
Glyma06g05310.1,2,7.5,58.4,2,1
Glyma06g29980.1,1,4.0,26.2,1,0
Glyma04g12273.1,1,3.5,32.0,1,1
Glyma04g12273.2,1,3.5,32.0,1,1
Glyma04g12273.3,1,3.5,32.0,1,1
Glyma04g10220.1,2,6.5,65.3,3,1
Glyma08g22360.1,1,4.0,27.9,1,0
Glyma13g03810.1,2,7.5,56.6,0,5
Glyma13g10400.1,1,3.5,27.4,0,1
Glyma13g36140.4,1,4.0,28.7,1,0
Glyma13g36140.5,1,4.0,28.7,1,0
Glyma01g33270.1,1,4.0,26.2,2,0
Glyma01g03060.1,1,4.0,32.4,0,2
Glyma19g35661.1,1,4.0,27.4,1,0
Glyma09g02420.1,1,4.0,30.7,1,0
Glyma09g08470.1,1,4.0,27.5,2,0
Glyma10g12051.1,1,3.0,29.9,0,0
Glyma07g40231.1,1,4.0,28.6,1,0
Glyma18g52350.1,2,7.5,59.4,3,1
Glyma04g02740.1,1,3.5,31.0,2,1
Glyma07g38590.1,1,3.5,31.2,2,1
Glyma07g38580.1,1,3.5,31.2,2,1
Glyma12g03450.1,4,14.0,137.0,2,0
Glyma11g11270.1,4,14.0,137.0,2,0
Glyma17g07000.1,3,10.5,121.4,3,1
Glyma01g27900.1,2,8.0,70.6,0,0
Glyma03g14180.2,2,8.0,70.6,0,0
Glyma19g44150.2,2,7.0,67.9,4,2
Glyma07g34800.2,2,8.0,69.7,2,4
Glyma07g34800.3,2,8.0,69.7,2,4
Glyma04g41540.1,1,4.0,32.0,2,2
Glyma14g36061.1,1,3.5,26.2,3,1
Glyma14g15170.1,1,4.0,30.2,0,0
Glyma02g37830.1,1,3.5,26.2,3,1
Glyma12g26388.1,1,4.0,27.7,1,0
Glyma06g06160.2,1,4.0,26.6,2,2
Glyma06g24715.1,1,4.0,27.7,1,0
Glyma06g12650.1,1,4.0,26.8,1,2
Glyma06g09850.2,1,4.0,27.1,2,0
Glyma04g09770.1,1,4.0,27.1,2,0
Glyma04g06160.1,1,4.0,26.6,2,2
Glyma04g42140.2,1,4.0,26.8,1,2
Glyma08g15715.1,1,3.0,26.2,2,2
Glyma08g18720.3,1,3.5,30.2,1,1
Glyma08g18720.4,1,3.5,30.2,1,1
Glyma17g00730.1,1,4.0,26.5,2,2
Glyma13g44910.1,1,4.0,26.8,1,0
Glyma13g44910.2,1,4.0,26.8,1,0
Glyma05g13593.1,1,4.0,27.7,1,0
Glyma15g25585.1,1,4.0,27.7,1,0
Glyma15g02490.2,1,2.0,26.4,1,2
Glyma15g25047.1,1,4.0,27.7,1,0
Glyma15g02450.1,1,2.0,26.4,1,2
Glyma15g28100.1,1,3.0,26.2,2,2
Glyma09g29640.1,1,4.0,28.3,1,4
Glyma09g32830.2,1,4.0,28.1,1,0
Glyma09g12216.1,1,3.5,26.9,2,1
Glyma07g40080.2,1,4.0,26.5,2,2
Glyma18g34040.1,1,4.0,26.2,1,2
Glyma02g00220.3,1,3.0,29.0,2,2
Glyma02g00220.4,1,3.0,29.0,2,2
Glyma11g07150.2,1,4.0,28.3,0,2
Glyma06g01540.1,1,4.0,26.9,2,2
Glyma08g36790.1,1,3.5,29.0,1,3
Glyma08g10040.1,1,3.5,28.1,1,3
Glyma08g05881.1,1,3.5,28.7,2,3
Glyma17g10930.1,2,7.5,65.9,2,1
Glyma17g16420.1,1,4.0,27.3,1,2
Glyma17g09351.1,1,3.5,27.4,0,3
Glyma13g27020.1,1,3.5,25.8,1,3
Glyma05g06140.1,1,4.0,27.3,1,2
Glyma05g30920.1,1,3.5,25.7,3,1
Glyma05g02920.1,1,3.5,28.1,1,3
Glyma01g36730.1,1,4.0,28.4,1,0
Glyma01g20811.1,1,4.0,27.4,0,0
Glyma19g45410.1,1,3.0,29.0,2,2
Glyma19g31291.1,1,4.0,28.7,1,2
Glyma15g11750.2,1,4.0,26.0,0,4
Glyma15g38070.1,1,3.5,25.7,1,3
Glyma20g39510.1,1,4.0,26.1,1,2
Glyma20g39510.2,1,4.0,26.1,1,2
Glyma20g39510.3,1,4.0,26.1,1,2
Glyma20g27370.1,1,3.5,26.8,0,3
Glyma09g37400.1,1,4.0,27.2,1,2
Glyma10g15761.1,1,4.0,27.0,0,2
Glyma10g35410.1,1,4.0,25.7,1,0
Glyma07g31310.1,1,3.5,28.4,2,1
Glyma07g35812.1,1,4.0,30.4,1,0
Glyma16g27515.1,1,4.0,26.1,1,2
Glyma18g49301.1,1,4.0,27.2,1,2
Glyma18g48650.2,1,4.0,26.7,3,0
Glyma18g52510.1,1,4.0,28.4,1,2
Glyma18g03540.1,1,3.5,31.4,1,3
Glyma08g14540.2,1,4.0,33.2,3,0
Glyma09g06041.1,1,4.0,24.5,1,2
Glyma11g04260.1,2,7.0,74.5,4,2
Glyma12g11060.1,1,3.5,28.8,2,1
Glyma06g22745.1,1,4.0,29.2,3,0
Glyma06g22745.2,1,4.0,29.2,3,0
Glyma06g22745.3,1,4.0,29.2,3,0
Glyma06g22745.4,1,4.0,29.2,3,0
Glyma06g22745.5,1,4.0,29.2,3,0
Glyma06g36530.1,1,4.0,28.9,1,0
Glyma13g05690.2,1,4.0,30.9,1,0
Glyma19g41970.1,1,4.0,30.3,0,0
Glyma03g39360.1,1,4.0,30.3,0,0
Glyma16g24970.1,1,4.0,28.9,1,0
Glyma05g08020.3,1,4.0,29.1,0,2
Glyma04g04821.1,1,4.0,31.5,2,2
Glyma17g04220.1,1,3.5,25.8,1,1
Glyma01g29950.1,1,3.5,27.4,0,1
Glyma03g07750.1,1,3.5,27.4,0,1
Glyma18g20470.1,1,4.0,28.1,1,2
Glyma18g20470.2,1,4.0,28.1,1,2
Glyma01g44030.2,1,4.0,28.7,0,2
Glyma14g00660.2,1,3.0,26.0,1,0
Glyma14g11400.1,1,4.0,31.9,0,0
Glyma14g11400.2,1,4.0,31.9,0,0
Glyma02g47931.1,1,4.0,27.2,1,0
Glyma02g47931.2,1,4.0,27.2,1,0
Glyma02g47931.3,1,4.0,27.2,1,0
Glyma02g47931.4,1,4.0,27.2,1,0
Glyma02g46570.2,1,4.0,26.6,0,2
Glyma02g46570.3,1,4.0,26.6,0,2
Glyma02g46570.4,1,4.0,26.6,0,2
Glyma02g46570.5,1,4.0,26.6,0,2
Glyma02g46570.1,1,4.0,26.6,0,2
Glyma02g46570.6,1,4.0,26.6,0,2
Glyma02g46570.7,1,4.0,26.6,0,2
Glyma02g46570.8,1,4.0,26.6,0,2
Glyma02g46570.9,1,4.0,26.6,0,2
Glyma02g46570.10,1,4.0,26.6,0,2
Glyma02g46570.11,1,4.0,26.6,0,2
Glyma02g46570.12,1,4.0,26.6,0,2
Glyma02g46570.13,1,4.0,26.6,0,2
Glyma02g46570.14,1,4.0,26.6,0,2
Glyma02g46570.15,1,4.0,26.6,0,2
Glyma02g46570.16,1,4.0,26.6,0,2
Glyma12g00670.1,1,4.0,25.6,1,0
Glyma12g17680.1,1,4.0,29.9,1,2
Glyma11g12430.1,1,3.5,28.0,2,1
Glyma11g06620.2,1,3.5,26.0,0,1
Glyma11g06620.3,1,3.5,26.0,0,1
Glyma11g06620.4,1,3.5,26.0,0,1
Glyma11g07890.2,1,4.0,26.7,1,2
Glyma06g18790.1,1,4.0,28.7,1,0
Glyma06g16280.1,1,4.0,27.5,2,0
Glyma04g37270.1,1,4.0,28.4,1,2
Glyma04g38710.1,1,4.0,27.5,2,0
Glyma04g36150.1,1,4.0,28.7,1,0
Glyma08g47640.2,1,4.0,27.6,0,0
Glyma08g17760.1,1,3.5,25.4,1,1
Glyma08g08740.2,1,4.0,28.0,1,0
Glyma17g05200.4,1,4.0,27.3,2,0
Glyma17g05200.5,1,4.0,27.3,2,0
Glyma17g34250.2,1,3.0,34.1,0,0
Glyma17g05500.1,1,4.0,26.8,1,0
Glyma17g14530.1,1,4.0,27.6,0,0
Glyma13g17290.3,1,4.0,27.3,2,0
Glyma13g17290.4,1,4.0,27.3,2,0
Glyma05g36920.2,1,3.5,29.0,1,1
Glyma05g36920.1,1,3.5,29.0,1,1
Glyma01g45171.1,1,3.0,30.3,1,0
Glyma01g37393.1,1,4.0,26.7,1,2
Glyma15g41370.1,1,3.5,25.4,1,1
Glyma20g01720.1,1,4.0,30.9,0,0
Glyma20g38810.1,1,4.0,27.8,1,0
Glyma20g14980.1,1,4.0,27.5,2,0
Glyma09g01940.2,1,4.0,26.4,1,0
Glyma09g02610.1,1,4.0,25.5,0,0
Glyma10g05280.2,1,4.0,28.7,2,0
Glyma16g30180.1,1,3.0,26.0,2,0
Glyma18g53850.2,1,4.0,27.6,0,0
Glyma18g07345.1,2,6.0,58.9,1,0
Glyma18g07345.2,2,6.0,58.9,1,0
Glyma14g37710.1,1,3.5,29.0,1,1
Glyma02g46070.1,1,4.0,31.3,0,2
Glyma02g47510.2,1,4.0,26.7,3,0
Glyma11g02220.1,1,4.0,29.8,1,2
Glyma11g30010.1,1,4.0,27.1,2,2
Glyma08g47830.1,1,3.0,29.2,0,4
Glyma17g01290.2,1,2.5,29.0,1,3
Glyma17g09510.4,1,4.0,30.2,0,0
Glyma17g09510.5,1,4.0,30.2,0,0
Glyma17g09510.6,1,4.0,30.2,0,0
Glyma13g33560.1,1,4.0,27.5,1,2
Glyma05g30610.2,1,4.0,28.9,1,2
Glyma05g30610.3,1,4.0,28.9,1,2
Glyma05g03050.2,1,3.5,28.6,1,3
Glyma19g36520.1,1,4.0,28.8,0,2
Glyma19g36520.2,1,4.0,28.8,0,2
Glyma15g21391.1,1,4.0,27.8,0,2
Glyma15g12400.1,1,3.5,29.2,2,1
Glyma15g09865.1,1,3.5,28.1,2,1
Glyma15g09865.2,1,3.5,28.1,2,1
Glyma03g02380.4,1,3.5,27.4,0,1
Glyma03g02380.5,1,3.5,27.4,0,1
Glyma09g01501.1,1,3.5,29.2,2,1
Glyma07g09090.1,1,3.5,27.4,0,1
Glyma07g09090.3,1,3.5,27.4,0,1
Glyma07g09090.2,1,3.5,27.4,0,1
Glyma07g01500.2,1,3.5,26.9,2,1
Glyma07g01500.3,1,3.5,26.9,2,1
Glyma07g39460.2,1,3.5,28.1,2,3
Glyma16g33661.1,1,4.0,30.1,1,0
Glyma16g33690.2,1,4.0,30.1,1,0
Glyma18g51310.1,1,4.0,29.7,0,2
Glyma18g53650.1,1,3.0,29.2,0,4
Glyma18g45636.1,1,3.5,27.7,0,1
Glyma18g45636.2,1,3.5,27.7,0,1
Glyma18g45636.3,1,3.5,27.7,0,1
Glyma15g43210.3,1,4.0,21.6,1,2
Glyma15g43210.4,1,4.0,21.6,1,2
Glyma10g11680.3,1,4.0,21.6,1,2
Glyma10g11680.4,1,4.0,21.6,1,2
Glyma10g15965.1,2,7.0,40.0,0,6
Glyma02g14980.2,5,17.0,154.9,7,0
Glyma08g21570.1,3,10.0,97.4,7,0
Glyma19g39480.3,3,11.0,88.4,3,6
Glyma19g39480.4,3,11.0,88.4,3,6
Glyma10g00670.1,3,12.0,87.8,3,0
Glyma07g33480.2,1,4.0,29.5,1,0
Glyma16g14080.2,3,9.5,99.8,5,3
Glyma14g39070.1,1,4.0,32.4,1,0
Glyma06g02500.1,1,4.0,34.9,2,2
Glyma08g05210.1,1,3.5,34.3,1,1
Glyma05g34480.3,1,3.5,34.3,1,1
Glyma15g41640.1,1,2.0,36.8,0,0
Glyma18g36233.1,1,4.0,34.7,1,2
Glyma08g32090.1,1,4.0,37.8,0,0
Glyma08g32090.3,1,4.0,37.8,0,0
Glyma08g32090.2,1,4.0,37.8,0,0
Glyma08g32090.4,1,4.0,37.8,0,0
Glyma14g03180.1,1,4.0,28.9,0,2
Glyma14g11320.1,1,4.0,28.5,1,2
Glyma14g22170.1,1,4.0,28.5,0,2
Glyma14g38290.1,2,8.0,55.6,0,4
Glyma02g41020.1,1,3.5,29.5,1,1
Glyma02g39430.1,1,4.0,31.0,1,2
Glyma02g39430.2,1,4.0,31.0,1,2
Glyma02g08860.2,1,3.5,29.4,0,1
Glyma02g09310.2,2,8.0,63.5,0,0
Glyma02g00845.1,1,3.5,26.6,1,3
Glyma12g35020.2,3,9.0,94.9,3,0
Glyma12g03670.1,2,8.0,57.1,0,0
Glyma08g20020.1,1,3.5,30.0,1,1
Glyma08g28530.1,3,9.5,95.7,2,3
Glyma13g21820.1,1,4.0,36.3,1,0
Glyma13g40560.1,3,12.0,84.4,4,0
Glyma13g35520.1,3,9.0,94.9,3,0
Glyma01g34350.1,3,12.0,82.5,0,6
Glyma01g34350.3,3,12.0,82.5,0,6
Glyma01g07716.1,1,3.5,26.6,1,3
Glyma19g41130.3,2,8.0,59.4,1,0
Glyma19g41130.4,2,8.0,59.4,1,0
Glyma19g06455.1,1,4.0,29.8,1,2
Glyma15g01770.1,1,4.0,29.4,1,0
Glyma15g17630.5,3,11.0,95.5,2,6
Glyma15g17630.6,3,11.0,95.5,2,6
Glyma15g17630.7,3,11.0,95.5,2,6
Glyma15g17630.8,3,11.0,95.5,2,6
Glyma03g38530.1,2,8.0,59.4,1,0
Glyma03g42401.1,1,4.0,28.2,1,2
Glyma03g24690.2,2,7.0,54.9,5,2
Glyma03g02731.1,3,12.0,82.5,0,6
Glyma03g02731.2,3,12.0,82.5,0,6
Glyma03g12660.2,1,4.0,27.1,1,2
Glyma03g12660.3,1,4.0,27.1,1,2
Glyma03g12660.4,1,4.0,27.1,1,2
Glyma03g22120.2,2,8.0,57.9,3,4
Glyma03g22120.1,2,8.0,57.9,3,4
Glyma03g22120.3,2,8.0,57.9,3,4
Glyma03g22120.4,2,8.0,57.9,3,4
Glyma20g33800.1,1,4.0,33.0,1,0
Glyma20g10271.1,2,8.0,59.4,1,0
Glyma09g06380.2,3,11.0,95.5,2,6
Glyma09g06380.3,3,11.0,95.5,2,6
Glyma07g25450.2,2,8.0,63.5,0,0
Glyma07g25450.1,2,8.0,63.5,0,0
Glyma16g25390.1,2,8.0,55.3,0,4
Glyma16g27960.2,1,3.5,29.4,0,1
Glyma16g27960.3,1,3.5,29.4,0,1
Glyma16g27960.4,1,3.5,29.4,0,1
Glyma18g30080.2,1,4.0,27.1,1,2
Glyma18g51440.2,3,9.5,95.7,2,3
Glyma18g51440.3,3,9.5,95.7,2,3
Glyma18g51440.4,3,9.5,95.7,2,3
Glyma14g33450.2,4,14.0,139.0,9,6
Glyma02g45620.1,1,4.0,35.6,1,0
Glyma17g35600.1,2,6.0,69.7,1,2
Glyma02g36680.1,1,4.0,32.6,1,0
Glyma14g03095.1,1,4.0,28.7,2,0
Glyma12g03431.1,2,8.0,58.9,2,0
Glyma11g34311.1,1,4.0,28.0,1,0
Glyma11g34311.2,1,4.0,28.0,1,0
Glyma06g48180.1,1,4.0,33.6,1,0
Glyma15g10000.1,1,3.5,28.4,2,1
Glyma15g42850.2,1,4.0,31.5,1,0
Glyma03g38500.2,2,8.0,62.5,2,0
Glyma20g28750.2,2,8.0,62.5,2,0
Glyma20g28750.1,2,8.0,62.5,2,0
Glyma20g28750.3,2,8.0,62.5,2,0
Glyma20g28750.4,2,8.0,62.5,2,0
Glyma09g10196.1,1,4.0,29.5,2,0
Glyma09g10196.2,1,4.0,29.5,2,0
Glyma09g14050.2,2,8.0,61.2,3,0
Glyma09g04140.1,2,7.0,66.8,4,0
Glyma10g39070.2,2,8.0,62.5,2,0
Glyma10g39070.3,2,8.0,62.5,2,0
Glyma10g34440.2,1,4.0,31.1,1,2
Glyma10g37010.1,1,4.0,28.0,1,0
Glyma07g11670.1,3,12.0,101.8,3,2
Glyma18g04000.1,1,4.0,28.0,1,0
Glyma18g10625.1,1,4.0,28.1,1,0
Glyma10g26990.2,1,4.0,33.5,0,2
Glyma14g22780.2,2,7.0,76.1,2,2
Glyma02g37330.1,2,8.0,67.8,1,4
Glyma06g23950.1,2,7.5,70.9,0,3
Glyma04g21330.2,2,7.5,70.9,0,3
Glyma19g32290.1,1,4.0,35.2,3,0
Glyma03g29470.4,1,4.0,35.2,3,0
Glyma03g29470.5,1,4.0,35.2,3,0
Glyma03g29470.6,1,4.0,35.2,3,0
Glyma03g29470.2,1,4.0,35.2,3,0
Glyma02g42460.1,1,4.0,35.5,1,0
Glyma02g42460.2,1,4.0,35.5,1,0
Glyma19g30560.1,1,4.0,34.2,1,0
Glyma15g18940.1,1,4.0,38.7,1,2
Glyma03g37140.1,1,4.0,33.4,0,0
Glyma03g27590.1,1,4.0,34.2,1,0
Glyma09g07760.2,1,3.5,38.7,2,1
Glyma09g07760.3,1,3.5,38.7,2,1
Glyma09g07760.4,1,3.5,38.7,2,1
Glyma09g07760.5,1,3.5,38.7,2,1
Glyma09g29980.1,1,4.0,32.0,1,0
Glyma04g04490.1,4,16.0,135.6,0,4
Glyma13g20510.1,4,16.0,135.6,0,4
Glyma10g06190.1,4,16.0,135.6,0,4
Glyma18g47630.1,1,4.0,28.6,0,2
Glyma06g20100.1,1,3.5,33.8,0,1
Glyma03g27180.3,1,4.0,42.8,2,0
Glyma03g27180.1,1,4.0,42.8,2,0
Glyma03g27180.2,1,4.0,42.8,2,0
Glyma11g19110.1,1,4.0,33.4,3,0
Glyma13g00416.1,1,4.0,31.4,1,0
Glyma13g00416.2,1,4.0,31.4,1,0
Glyma13g00416.3,1,4.0,31.4,1,0
Glyma17g14660.1,1,3.5,34.6,1,1
Glyma17g18040.1,1,4.0,34.5,3,2
Glyma14g06061.1,2,8.0,55.6,2,0
Glyma14g06061.2,2,8.0,55.6,2,0
Glyma02g42930.1,2,8.0,55.6,2,0
Glyma02g38270.1,1,4.0,29.3,3,0
Glyma13g31941.1,2,7.0,60.2,0,2
Glyma13g31941.2,2,7.0,60.2,0,2
Glyma13g23890.3,1,3.5,28.2,2,1
Glyma13g24305.1,2,8.0,57.8,0,0
Glyma13g24305.2,2,8.0,57.8,0,0
Glyma13g24305.3,2,8.0,57.8,0,0
Glyma13g24305.4,2,8.0,57.8,0,0
Glyma13g24305.5,2,8.0,57.8,0,0
Glyma13g24305.6,2,8.0,57.8,0,0
Glyma13g24305.7,2,8.0,57.8,0,0
Glyma13g24305.8,2,8.0,57.8,0,0
Glyma13g24080.2,2,8.0,56.6,2,0
Glyma01g01400.1,2,8.0,56.1,2,4
Glyma19g01300.1,1,3.5,28.2,2,1
Glyma09g34381.1,2,8.0,56.1,2,4
Glyma14g02020.3,1,4.0,19.8,2,0
Glyma14g02020.4,1,4.0,19.8,2,0
Glyma14g02020.5,1,4.0,19.8,2,0
Glyma02g33920.1,1,4.0,19.0,1,0
Glyma02g46650.1,1,4.0,19.0,2,0
Glyma02g05220.1,1,4.0,21.0,1,0
Glyma02g12900.1,2,8.0,48.9,3,0
Glyma02g12900.2,2,8.0,48.9,3,0
Glyma02g12900.3,2,8.0,48.9,3,0
Glyma02g12900.4,2,8.0,48.9,3,0
Glyma02g09801.1,1,3.5,19.7,0,3
Glyma02g30038.1,1,3.5,19.7,0,3
Glyma11g01700.1,1,4.0,18.8,0,4
Glyma11g37091.1,1,4.0,20.7,0,2
Glyma11g37091.2,1,4.0,20.7,0,2
Glyma11g08310.1,1,4.0,21.0,1,0
Glyma06g19770.1,1,4.0,19.3,0,0
Glyma06g13120.1,1,4.0,18.7,1,0
Glyma04g41670.1,1,3.0,19.0,1,0
Glyma04g43310.1,1,3.5,19.1,2,1
Glyma08g38450.1,1,4.0,24.0,0,2
Glyma08g25140.1,1,4.0,18.7,2,0
Glyma17g00935.1,1,3.5,21.0,1,1
Glyma13g10373.1,1,3.0,21.1,0,2
Glyma05g20485.1,1,4.0,19.1,0,2
Glyma01g07020.1,2,8.0,48.9,3,0
Glyma01g44230.2,1,4.0,18.8,0,4
Glyma19g37310.1,1,3.5,22.1,1,3
Glyma19g37310.5,1,3.5,22.1,1,3
Glyma19g37310.6,1,3.5,22.1,1,3
Glyma19g35290.1,2,7.5,42.9,4,1
Glyma19g35290.2,2,7.5,42.9,4,1
Glyma19g35290.4,2,7.5,42.9,4,1
Glyma19g35290.5,2,7.5,42.9,4,1
Glyma15g21140.1,1,4.0,20.6,0,2
Glyma15g12671.1,1,3.5,21.0,1,1
Glyma03g34650.2,1,3.5,22.1,1,3
Glyma03g02120.3,1,4.0,19.0,0,2
Glyma20g04130.1,1,4.0,20.5,2,2
Glyma09g03000.2,1,4.0,19.1,1,0
Glyma09g01705.1,1,3.5,21.0,1,1
Glyma10g31430.1,2,6.5,51.6,1,5
Glyma10g28760.3,1,4.0,19.1,3,0
Glyma07g08740.1,1,4.0,19.0,0,2
Glyma07g39830.1,1,3.5,21.0,1,1
Glyma18g53131.1,1,3.5,19.7,0,3
Glyma18g01010.2,1,4.0,20.7,0,2
Glyma18g01010.3,1,4.0,20.7,0,2
Glyma18g11752.1,1,4.0,20.7,1,0
Glyma18g21720.1,1,4.0,24.0,0,2
Glyma11g13880.2,1,4.0,30.0,4,0
Glyma01g01780.2,1,4.0,29.9,0,2
Glyma01g01780.1,1,4.0,29.9,0,2
Glyma01g01780.3,1,4.0,29.9,0,2
Glyma15g08610.3,1,3.5,31.5,1,1
Glyma15g08610.4,1,3.5,31.5,1,1
Glyma15g08610.5,1,3.5,31.5,1,1
Glyma10g02390.2,1,4.0,32.5,2,2
Glyma10g02390.3,1,4.0,32.5,2,2
Glyma07g17490.1,1,4.0,35.0,1,2
Glyma11g37050.1,1,4.0,34.6,2,0
Glyma08g44080.1,1,4.0,34.9,0,0
Glyma02g28845.1,1,4.0,29.8,1,0
Glyma02g28845.2,1,4.0,29.8,1,0
Glyma11g15300.1,1,4.0,31.8,2,0
Glyma08g12220.7,1,3.0,34.0,1,2
Glyma08g12220.8,1,3.0,34.0,1,2
Glyma08g12220.9,1,3.0,34.0,1,2
Glyma08g12220.2,1,3.0,34.0,1,2
Glyma08g12220.10,1,3.0,34.0,1,2
Glyma08g12220.4,1,3.0,34.0,1,2
Glyma08g05950.1,1,2.5,33.1,1,1
Glyma13g42080.1,1,4.0,32.0,2,0
Glyma05g29080.8,1,3.0,34.0,1,2
Glyma05g29080.9,1,3.0,34.0,1,2
Glyma05g29080.10,1,3.0,34.0,1,2
Glyma05g29080.11,1,3.0,34.0,1,2
Glyma05g29080.12,1,3.0,34.0,1,2
Glyma05g29080.13,1,3.0,34.0,1,2
Glyma05g29080.14,1,3.0,34.0,1,2
Glyma01g38570.1,1,3.5,31.6,0,1
Glyma15g16141.1,1,4.0,33.6,1,0
Glyma09g16780.2,1,4.0,29.8,1,0
Glyma07g21050.1,1,4.0,30.4,0,0
Glyma11g10310.1,1,3.5,29.9,1,1
Glyma06g17760.1,1,4.0,28.4,1,2
Glyma17g16610.1,1,4.0,26.8,2,2
Glyma05g23690.4,1,4.0,26.8,2,2
Glyma01g32690.1,1,4.0,28.9,0,2
Glyma15g03770.1,1,4.0,28.5,0,0
Glyma15g15920.2,1,4.0,29.9,1,2
Glyma03g04400.2,1,4.0,28.9,0,2
Glyma09g08180.1,1,4.0,27.1,0,2
Glyma06g06070.1,1,3.5,33.9,3,1
Glyma04g06071.1,1,3.5,33.9,3,1
Glyma04g06071.2,1,3.5,33.9,3,1
Glyma08g25410.3,1,3.5,33.9,1,1
Glyma08g25410.4,1,3.5,33.9,1,1
Glyma15g28010.3,1,3.5,33.9,1,1
Glyma15g28010.4,1,3.5,33.9,1,1
Glyma09g32850.2,1,4.0,33.8,0,2
Glyma13g31390.1,1,4.0,44.6,2,0
Glyma03g00510.1,1,3.5,36.2,1,1
Glyma07g14800.2,1,3.5,36.2,1,1
Glyma02g02820.1,1,4.0,31.3,1,2
Glyma08g40620.1,1,3.5,31.3,1,1
Glyma01g04730.1,1,3.5,31.3,1,1
Glyma15g07080.1,1,3.5,30.9,1,1
Glyma15g36930.2,2,6.5,62.4,0,1
Glyma15g36930.3,2,6.5,62.4,0,1
Glyma15g08660.2,1,4.0,28.3,2,0
Glyma15g08660.3,1,4.0,28.3,2,0
Glyma15g08660.4,1,4.0,28.3,2,0
Glyma07g13040.2,1,4.0,29.4,0,0
Glyma18g39570.2,1,4.0,31.5,0,0
Glyma18g39570.1,1,4.0,31.5,0,0
Glyma19g05660.1,1,4.0,37.7,0,0
Glyma01g18040.1,1,3.5,27.4,2,1
Glyma19g30145.1,1,4.0,29.0,1,0
Glyma09g39880.1,2,8.0,60.9,2,0
Glyma18g46330.1,2,8.0,60.9,2,0
Glyma06g17780.1,1,4.0,34.9,1,0
Glyma08g05130.1,1,4.0,30.7,0,0
Glyma17g14160.1,2,8.0,66.2,4,0
Glyma13g00920.1,1,4.0,36.5,1,0
Glyma05g34530.1,1,4.0,30.7,0,0
Glyma01g05170.1,1,4.0,34.2,0,0
Glyma02g15070.1,1,4.0,30.8,0,0
Glyma02g47920.1,2,7.5,59.9,2,3
Glyma02g47920.2,2,7.5,59.9,2,3
Glyma09g39320.2,3,9.5,95.1,1,5
Glyma18g03913.1,2,7.0,62.3,3,0
Glyma18g03913.2,2,7.0,62.3,3,0
Glyma18g03913.3,2,7.0,62.3,3,0
Glyma18g50540.1,2,7.5,59.7,2,3
Glyma06g46530.4,1,4.0,34.2,2,0
Glyma06g46530.5,1,4.0,34.2,2,0
Glyma06g46530.1,1,4.0,34.2,2,0
Glyma08g22570.2,1,3.0,31.9,0,0
Glyma08g23660.1,1,3.5,33.8,1,1
Glyma17g36730.1,1,4.0,31.8,1,2
Glyma05g34190.1,1,4.0,34.2,1,0
Glyma20g30980.2,1,3.5,27.9,2,1
Glyma09g00470.1,1,3.0,31.9,2,0
Glyma10g41560.1,1,4.0,31.4,1,0
Glyma10g41560.2,1,4.0,31.4,1,0
Glyma07g03530.3,1,3.5,29.7,0,1
Glyma11g13152.1,1,4.0,33.2,1,0
Glyma11g13152.2,1,4.0,33.2,1,0
Glyma11g09880.1,1,4.0,26.0,1,2
Glyma11g28440.2,1,4.0,26.6,1,2
Glyma04g01151.1,1,4.0,25.1,1,0
Glyma04g01151.2,1,4.0,25.1,1,0
Glyma08g10860.1,1,4.0,25.2,2,0
Glyma17g08330.2,1,4.0,25.7,1,2
Glyma13g24370.1,1,4.0,27.9,0,0
Glyma15g15900.1,2,8.0,59.2,3,0
Glyma03g09026.1,1,4.0,26.6,1,2
Glyma09g40260.1,1,4.0,27.3,1,0
Glyma09g27410.1,1,3.0,28.4,1,2
Glyma07g21325.1,1,4.0,26.6,1,2
Glyma16g32500.2,1,3.0,28.4,1,2
Glyma18g07345.3,1,3.0,25.9,1,0
Glyma06g23300.1,1,4.0,31.5,1,2
Glyma17g14420.1,1,4.0,28.9,0,0
Glyma17g14420.2,1,4.0,28.9,0,0
Glyma05g03940.1,1,4.0,28.9,0,0
Glyma16g08683.1,1,3.5,34.3,1,1
Glyma03g37200.1,1,4.0,23.6,1,2
Glyma16g26710.1,1,3.5,23.8,0,1
Glyma18g07070.1,1,4.0,26.2,0,2
Glyma11g36690.2,1,3.0,33.4,1,0
Glyma11g36690.1,1,3.0,33.4,1,0
Glyma05g25810.1,1,3.0,33.1,1,0
Glyma14g01670.2,1,3.5,26.4,0,1
Glyma14g01670.3,1,3.5,26.4,0,1
Glyma14g01670.4,1,3.5,26.4,0,1
Glyma14g01670.5,1,3.5,26.4,0,1
Glyma14g01670.6,1,3.5,26.4,0,1
Glyma14g21360.1,1,3.5,25.6,2,1
Glyma12g10650.2,1,4.0,26.4,1,2
Glyma12g10650.3,1,4.0,26.4,1,2
Glyma12g10650.4,1,4.0,26.4,1,2
Glyma06g46130.2,1,4.0,25.2,1,2
Glyma06g46130.1,1,4.0,25.2,1,2
Glyma06g18480.3,1,4.0,22.8,1,0
Glyma06g01186.1,1,3.0,27.5,0,2
Glyma17g26440.1,1,3.5,25.6,2,1
Glyma17g26440.2,1,3.5,25.6,2,1
Glyma01g04800.1,1,3.5,25.0,3,1
Glyma19g43440.1,1,4.0,24.3,1,2
Glyma15g18290.1,1,4.0,24.3,2,0
Glyma03g40750.1,1,4.0,24.3,1,2
Glyma09g07520.2,1,4.0,28.4,1,2
Glyma09g07520.3,1,4.0,28.4,1,2
Glyma07g36065.1,1,4.0,24.2,2,2
Glyma14g20670.1,1,4.0,38.5,0,2
Glyma20g08140.1,1,4.0,43.3,1,0
Glyma07g36000.1,1,4.0,43.3,1,0
Glyma10g07545.1,3,12.0,129.0,0,6
Glyma14g40540.1,1,3.5,32.1,1,1
Glyma17g37580.1,1,3.5,32.1,1,1
Glyma14g33480.1,1,4.0,34.0,1,0
Glyma11g37760.1,1,3.0,31.3,2,0
Glyma11g37760.2,1,3.0,31.3,2,0
Glyma11g37760.3,1,3.0,31.3,2,0
Glyma03g01570.2,1,2.5,32.9,2,1
Glyma20g38720.1,1,4.0,30.2,3,0
Glyma10g43990.1,1,4.0,30.2,3,0
Glyma07g12990.2,1,4.0,34.7,1,2
Glyma12g04840.2,1,4.0,28.4,1,2
Glyma11g12640.1,1,4.0,28.6,1,2
Glyma11g12640.2,1,4.0,28.6,1,2
Glyma04g43070.1,1,3.0,29.4,0,0
Glyma08g14320.1,1,4.0,29.4,1,0
Glyma13g26230.1,1,2.5,28.8,0,1
Glyma01g43180.1,1,4.0,28.0,0,2
Glyma19g39311.1,1,3.5,26.1,1,1
Glyma19g39311.2,1,3.5,26.1,1,1
Glyma19g31060.2,1,3.0,30.7,2,0
Glyma15g36940.2,1,2.5,28.8,0,1
Glyma15g37140.1,1,2.5,28.1,0,1
Glyma15g37390.1,1,2.5,28.1,0,1
Glyma15g37320.1,1,2.5,28.6,0,1
Glyma15g37080.2,1,2.5,28.1,0,1
Glyma15g37290.1,1,2.5,28.8,0,1
Glyma15g37310.2,1,2.5,28.8,0,1
Glyma20g20070.2,1,4.0,27.6,0,0
Glyma20g20070.1,1,4.0,27.6,0,0
Glyma10g25710.1,1,4.0,27.6,0,0
Glyma10g25710.2,1,4.0,27.6,0,0
Glyma07g08011.1,1,4.0,26.3,0,2
Glyma07g08011.2,1,4.0,26.3,0,2
Glyma07g08011.3,1,4.0,26.3,0,2
Glyma07g08011.4,1,4.0,26.3,0,2
Glyma07g08011.5,1,4.0,26.3,0,2
Glyma06g05780.1,1,3.0,35.2,1,0
Glyma04g25590.1,1,4.0,29.6,1,0
Glyma17g34150.1,1,4.0,31.7,1,0
Glyma05g09290.4,1,4.0,30.0,0,2
Glyma05g09290.5,1,4.0,30.0,0,2
Glyma05g09290.2,1,4.0,30.0,0,2
Glyma01g22490.2,1,3.5,31.8,0,1
Glyma01g43580.1,1,4.0,33.6,1,0
Glyma19g30681.1,1,3.5,37.1,0,1
Glyma03g27865.1,1,4.0,33.2,1,0
Glyma20g36090.1,1,4.0,30.4,0,0
Glyma02g06200.1,1,4.0,28.6,2,0
Glyma14g40230.1,1,3.0,29.2,3,0
Glyma06g11030.1,1,4.0,32.2,3,2
Glyma06g11030.2,1,4.0,32.2,3,2
Glyma04g11330.1,1,4.0,32.2,3,2
Glyma08g19720.2,1,3.5,34.1,0,1
Glyma08g19720.3,1,3.5,34.1,0,1
Glyma05g09280.1,1,4.0,29.6,1,0
Glyma15g05300.1,2,7.5,67.3,0,1
Glyma15g05300.3,2,7.5,67.3,0,1
Glyma15g05300.4,2,7.5,67.3,0,1
Glyma09g00510.1,1,4.0,32.1,0,2
Glyma18g06760.1,1,4.0,29.9,2,0
Glyma12g09680.1,1,4.0,31.6,3,0
Glyma11g18760.1,1,4.0,31.6,3,0
Glyma12g00380.1,1,4.0,29.4,2,0
Glyma06g02910.1,1,4.0,30.6,3,2
Glyma17g00890.4,1,4.0,36.1,2,2
Glyma17g00890.5,1,4.0,36.1,2,2
Glyma07g39890.1,1,4.0,36.1,2,2
Glyma07g39890.2,1,4.0,36.1,2,2
Glyma02g01160.1,1,4.0,27.0,1,0
Glyma11g00830.1,1,4.0,26.7,2,0
Glyma17g12110.1,1,4.0,27.0,2,0
Glyma17g12110.2,1,4.0,27.0,2,0
Glyma13g22720.2,1,4.0,27.0,2,0
Glyma13g22720.3,1,4.0,27.0,2,0
Glyma05g34330.1,1,4.0,27.0,0,0
Glyma01g44790.1,1,4.0,26.7,2,0
Glyma01g44790.2,1,4.0,26.7,2,0
Glyma01g43630.2,1,4.0,28.2,0,0
Glyma09g29000.1,1,3.5,27.3,0,1
Glyma10g01211.1,1,4.0,27.0,1,0
Glyma07g32880.2,1,3.5,26.4,0,1
Glyma07g32880.1,1,3.5,26.4,0,1
Glyma14g10550.1,1,4.0,25.9,2,0
Glyma14g00720.1,1,4.0,27.8,2,2
Glyma02g47370.1,1,4.0,27.5,1,0
Glyma02g33770.1,1,4.0,32.8,0,0
Glyma02g33770.2,1,4.0,32.8,0,0
Glyma02g42101.1,1,4.0,27.2,0,0
Glyma02g42101.2,1,4.0,27.2,0,0
Glyma02g40950.1,1,4.0,27.8,2,2
Glyma02g01960.1,1,4.0,27.8,0,2
Glyma11g32931.1,1,3.5,27.8,0,3
Glyma11g20490.1,1,4.0,26.2,1,2
Glyma11g07470.1,1,4.0,26.1,0,2
Glyma06g00440.1,1,4.0,26.5,2,0
Glyma06g13910.1,1,3.5,27.4,1,1
Glyma06g16130.1,1,4.0,26.4,1,2
Glyma04g38770.1,1,4.0,26.4,1,2
Glyma08g14400.1,1,4.0,26.1,0,2
Glyma08g08860.1,1,4.0,27.4,1,2
Glyma08g16610.2,1,3.5,28.1,1,1
Glyma08g10200.1,1,4.0,25.9,2,0
Glyma08g20770.1,1,4.0,26.7,0,2
Glyma17g15640.1,1,3.5,26.3,1,1
Glyma17g15670.1,1,3.5,26.3,1,1
Glyma13g26730.2,1,4.0,28.6,2,2
Glyma13g26730.1,1,4.0,28.6,2,2
Glyma13g26730.3,1,4.0,28.6,2,2
Glyma13g28660.2,1,3.5,27.3,1,1
Glyma13g38730.1,1,4.0,26.7,1,2
Glyma13g38730.3,1,4.0,26.7,1,2
Glyma13g38730.4,1,4.0,26.7,1,2
Glyma05g03300.1,1,4.0,30.4,1,0
Glyma05g26450.1,1,3.5,27.3,1,1
Glyma05g31211.1,1,4.0,26.1,0,2
Glyma05g32450.2,1,3.5,28.1,1,1
Glyma01g37880.1,1,4.0,26.1,0,2
Glyma19g38110.1,1,3.5,27.0,0,1
Glyma19g40930.3,1,4.0,26.4,0,2
Glyma19g40930.5,1,4.0,26.4,0,2
Glyma19g40930.6,1,4.0,26.4,0,2
Glyma19g40930.2,1,4.0,26.4,0,2
Glyma15g10460.1,1,3.5,27.3,1,1
Glyma15g10460.2,1,3.5,27.3,1,1
Glyma15g10460.4,1,3.5,27.3,1,1
Glyma15g09890.1,1,3.5,28.5,1,1
Glyma03g31130.1,1,3.5,25.9,0,3
Glyma03g35470.2,1,3.5,27.0,0,1
Glyma03g30321.1,1,4.0,26.8,0,0
Glyma20g31830.2,1,3.0,31.2,1,0
Glyma20g31830.1,1,3.0,31.2,1,0
Glyma09g28401.1,1,4.0,27.9,1,2
Glyma09g28401.2,1,4.0,27.9,1,2
Glyma09g28401.3,1,4.0,27.9,1,2
Glyma09g00860.2,1,3.5,28.2,2,1
Glyma09g26930.1,1,4.0,28.2,2,0
Glyma10g15795.1,1,4.0,25.9,1,2
Glyma10g40810.1,1,3.5,32.0,2,1
Glyma07g33790.2,1,4.0,31.0,1,0
Glyma07g33790.3,1,4.0,31.0,1,0
Glyma16g31320.1,1,3.5,26.7,2,1
Glyma16g33200.2,1,4.0,27.9,1,2
Glyma18g05201.1,1,4.0,27.4,0,2
Glyma18g12646.1,1,4.0,28.6,0,0
Glyma18g02190.1,1,3.5,32.3,0,1
Glyma08g10840.1,1,4.0,31.4,1,0
Glyma02g31190.2,1,4.0,34.5,2,2
Glyma20g16970.2,1,4.0,34.5,2,2
Glyma20g18450.2,1,4.0,34.5,2,2
Glyma20g18588.1,1,4.0,34.6,2,2
Glyma10g43760.1,1,3.5,32.5,0,1
Glyma10g43760.3,1,3.5,32.5,0,1
Glyma10g43760.2,1,3.5,32.5,0,1
Glyma10g43760.4,1,3.5,32.7,0,1
Glyma04g34690.1,1,4.0,26.3,1,0
Glyma20g32430.1,2,7.0,54.4,1,0
Glyma20g32430.2,2,7.0,54.4,1,0
Glyma17g09500.1,1,4.0,37.9,2,0
Glyma07g18060.1,2,7.0,68.4,2,0
Glyma16g28900.1,1,4.0,30.8,1,0
Glyma16g28891.1,2,7.0,62.8,0,2
Glyma18g42910.1,2,7.0,66.8,2,0
Glyma14g08120.1,1,3.5,31.7,1,1
Glyma02g29000.1,1,4.0,28.4,2,0
Glyma11g08720.1,1,4.0,28.2,2,2
Glyma11g08720.3,1,4.0,28.2,2,2
Glyma11g07970.1,1,4.0,30.4,1,0
Glyma06g40740.1,1,4.0,28.1,1,0
Glyma06g39943.3,1,3.5,27.3,1,1
Glyma06g39943.4,1,3.5,27.3,1,1
Glyma06g39943.5,1,3.5,27.3,1,1
Glyma06g18580.1,1,4.0,27.4,1,0
Glyma06g40690.1,1,3.5,27.3,1,1
Glyma04g10630.1,1,3.5,27.3,1,1
Glyma04g36330.1,1,4.0,27.4,1,0
Glyma04g40600.3,1,3.5,31.6,1,1
Glyma04g40600.4,1,3.5,31.6,1,1
Glyma08g24960.1,1,2.5,29.2,1,1
Glyma08g00291.1,1,3.5,29.5,1,1
Glyma17g12950.1,1,4.0,28.5,2,0
Glyma13g28901.1,1,3.5,27.0,1,1
Glyma01g36630.1,1,4.0,28.2,2,2
Glyma01g36630.2,1,4.0,28.2,2,2
Glyma01g36630.3,1,4.0,28.2,2,2
Glyma03g18725.1,1,3.5,26.7,2,1
Glyma20g23890.1,1,2.5,32.2,2,1
Glyma20g03920.1,1,3.5,27.4,0,1
Glyma10g28091.1,1,3.5,28.7,2,1
Glyma10g43060.1,1,2.5,32.2,2,1
Glyma10g43870.1,1,4.0,28.1,2,0
Glyma07g35460.1,1,3.5,27.4,0,1
Glyma07g04145.1,1,4.0,29.5,2,0
Glyma07g04145.2,1,4.0,29.5,2,0
Glyma07g14560.1,1,4.0,28.1,1,0
Glyma16g14060.2,1,3.5,26.7,2,1
Glyma16g14060.3,1,3.5,26.7,2,1
Glyma16g14060.4,1,3.5,26.7,2,1
Glyma16g14060.5,1,3.5,26.7,2,1
Glyma18g48990.1,1,4.0,28.6,1,0
Glyma18g49480.1,1,4.0,28.9,1,2
Glyma18g48800.1,1,3.5,27.3,1,3
Glyma18g48800.2,1,3.5,27.3,1,3
Glyma14g35620.1,1,4.0,32.0,1,0
Glyma02g05390.2,1,4.0,33.0,0,0
Glyma02g02990.1,1,3.5,35.0,0,1
Glyma12g05580.2,1,3.0,37.6,1,0
Glyma12g05580.1,1,3.0,37.6,1,0
Glyma11g13580.1,1,3.0,37.6,1,0
Glyma06g45655.1,1,4.0,32.9,2,0
Glyma01g04570.1,1,3.5,34.8,0,1
Glyma01g04570.2,1,3.5,34.8,0,1
Glyma01g32810.2,1,3.0,34.8,2,0
Glyma01g32810.3,1,3.0,34.8,2,0
Glyma19g36220.2,1,4.0,31.8,1,0
Glyma19g40400.1,1,1.0,38.2,0,0
Glyma03g37800.1,1,3.0,33.6,0,0
Glyma20g36251.1,1,3.5,30.8,0,1
Glyma09g05710.1,1,4.0,32.6,0,0
Glyma09g41710.1,1,4.0,31.0,1,0
Glyma19g43030.1,1,3.5,33.6,1,1
Glyma04g06820.1,1,4.0,25.5,1,0
Glyma04g06820.2,1,4.0,25.5,1,0
Glyma13g44960.1,1,4.0,25.7,2,0
Glyma15g00380.1,1,4.0,25.7,2,0
Glyma10g35140.2,1,4.0,24.7,1,0
Glyma18g11551.1,1,3.5,26.7,0,1
Glyma11g34420.1,1,3.5,28.3,1,1
Glyma11g34420.2,1,3.5,28.3,1,1
Glyma11g06790.1,1,4.0,29.0,0,2
Glyma06g06670.1,1,3.5,27.2,0,1
Glyma08g23980.2,1,4.0,28.3,1,0
Glyma08g23980.3,1,4.0,28.3,1,0
Glyma08g23980.1,1,4.0,28.3,1,0
Glyma17g14750.1,1,4.0,27.7,1,0
Glyma17g14750.2,1,4.0,27.7,1,0
Glyma13g41400.1,1,4.0,27.6,0,0
Glyma19g32510.1,1,4.0,27.1,1,0
Glyma15g01020.1,1,3.5,27.1,1,1
Glyma03g29670.1,1,4.0,27.1,1,0
Glyma20g36226.1,1,3.5,32.2,0,1
Glyma09g24410.1,1,4.0,28.0,0,0
Glyma07g00450.4,1,4.0,28.3,1,0
Glyma07g00450.5,1,4.0,28.3,1,0
Glyma07g00450.6,1,4.0,28.3,1,0
Glyma16g29750.1,1,4.0,28.0,0,0
Glyma18g47890.1,1,4.0,32.9,0,0
Glyma17g10650.1,1,4.0,29.0,1,0
Glyma18g48960.2,1,4.0,27.1,2,2
Glyma06g13740.1,1,3.5,27.8,1,1
Glyma13g30780.1,1,4.0,29.1,2,0
Glyma10g42360.1,1,3.5,30.3,1,1
Glyma18g52590.1,1,4.0,28.3,0,0
Glyma13g38880.1,1,3.5,32.8,2,3
Glyma11g04096.1,1,1.5,31.3,0,1
Glyma04g35100.3,1,4.0,30.0,2,0
Glyma04g35100.4,1,4.0,30.0,2,0
Glyma08g16630.1,1,4.0,27.4,1,0
Glyma08g16630.2,1,4.0,27.4,1,0
Glyma08g06020.1,1,4.0,31.9,1,0
Glyma08g05110.1,1,2.0,29.3,0,0
Glyma17g17920.1,1,3.0,27.2,1,0
Glyma05g34550.2,1,2.0,29.3,0,0
Glyma05g33700.1,1,4.0,31.9,1,0
Glyma20g33981.1,1,4.0,27.7,1,0
Glyma20g25110.2,1,4.0,27.0,1,0
Glyma20g27761.1,1,3.0,32.2,0,0
Glyma20g27731.1,1,3.0,32.2,0,0
Glyma10g33621.1,1,4.0,27.7,1,0
Glyma10g41930.1,1,4.0,27.0,1,0
Glyma06g23590.1,1,4.0,32.6,0,2
Glyma17g09000.2,1,4.0,30.5,1,0
Glyma05g21496.1,1,4.0,31.0,1,0
Glyma05g07514.1,1,4.0,30.7,1,0
Glyma07g32230.1,1,4.0,32.9,2,0
Glyma16g25570.1,1,4.0,32.5,0,0
Glyma04g38630.1,1,4.0,32.1,3,0
Glyma13g23420.2,1,4.0,41.1,1,2
Glyma14g03190.1,1,4.0,24.8,0,2
Glyma14g03770.1,1,4.0,24.5,1,0
Glyma02g09730.2,1,4.0,25.5,1,2
Glyma12g29130.1,1,4.0,27.5,0,2
Glyma12g02520.3,1,4.0,26.1,1,2
Glyma12g02520.4,1,4.0,26.1,1,2
Glyma12g02520.5,1,4.0,26.1,1,2
Glyma11g10210.1,1,4.0,26.1,1,2
Glyma11g34470.1,1,3.5,28.3,2,1
Glyma11g21565.1,1,4.0,24.8,0,2
Glyma11g21565.2,1,4.0,24.8,0,2
Glyma04g39280.2,1,4.0,26.6,1,0
Glyma04g40090.1,1,4.0,26.9,1,0
Glyma05g02800.1,1,4.0,28.1,0,2
Glyma19g21610.1,1,4.0,26.7,0,0
Glyma03g28910.2,1,3.5,25.6,0,1
Glyma20g08040.1,1,4.0,24.4,1,0
Glyma09g05580.1,1,3.5,27.2,1,1
Glyma09g38380.1,1,4.0,26.3,1,0
Glyma10g41620.1,1,4.0,24.4,1,0
Glyma07g36110.1,1,4.0,24.9,0,0
Glyma18g53241.1,1,4.0,27.3,0,2
Glyma18g53241.2,1,4.0,27.3,0,2
Glyma18g53241.3,1,4.0,27.3,0,2
Glyma18g53241.4,1,4.0,27.3,0,2
Glyma18g53241.5,1,4.0,27.3,0,2
Glyma18g53241.6,1,4.0,27.3,0,2
Glyma18g53241.7,1,4.0,27.3,0,2
Glyma18g53241.8,1,4.0,27.3,0,2
Glyma18g12720.1,1,4.0,24.8,0,2
Glyma14g40610.2,2,8.0,63.9,1,4
Glyma11g35770.1,2,8.0,56.8,0,4
Glyma06g09740.2,2,8.0,56.6,4,0
Glyma04g09640.1,2,8.0,56.6,4,0
Glyma08g37680.2,1,4.0,35.0,0,0
Glyma08g37680.1,1,4.0,35.0,0,0
Glyma08g37670.1,1,4.0,35.0,0,0
Glyma08g37670.2,1,4.0,35.0,0,0
Glyma14g03160.1,1,4.0,26.5,2,0
Glyma14g38910.1,1,4.0,31.4,1,2
Glyma14g01160.1,1,4.0,27.8,2,0
Glyma14g01160.2,1,4.0,27.8,2,0
Glyma02g47530.1,1,4.0,27.8,2,0
Glyma02g42805.1,1,3.5,28.8,0,1
Glyma02g40610.1,1,4.0,31.4,1,2
Glyma12g20860.1,1,3.5,27.1,2,1
Glyma11g19511.1,1,2.5,30.4,1,1
Glyma11g05200.2,1,4.0,27.4,0,0
Glyma06g13330.1,1,3.5,28.0,3,1
Glyma06g01910.3,1,4.0,26.8,2,0
Glyma06g01910.4,1,4.0,26.8,2,0
Glyma04g14770.1,1,4.0,27.7,0,2
Glyma04g14770.2,1,4.0,27.7,0,2
Glyma08g06400.1,1,4.0,33.1,3,0
Glyma17g03910.1,1,4.0,33.9,0,0
Glyma13g33512.1,1,4.0,28.5,0,2
Glyma13g33512.2,1,4.0,28.5,0,2
Glyma05g29450.1,1,4.0,27.3,1,0
Glyma19g27190.1,1,4.0,28.0,1,2
Glyma15g12900.1,1,3.5,30.2,1,1
Glyma20g34260.1,1,2.5,30.3,2,1
Glyma09g37540.2,1,4.0,28.0,1,0
Glyma09g23600.1,1,3.0,30.0,3,0
Glyma10g37160.1,1,3.5,30.4,2,1
Glyma10g33380.1,1,2.5,30.3,2,1
Glyma07g39350.1,1,4.0,30.1,1,2
Glyma07g36700.1,1,4.0,33.9,0,0
Glyma07g30900.1,1,4.0,33.1,3,0
Glyma16g06770.1,1,4.0,27.6,1,0
Glyma18g49101.1,1,4.0,28.0,1,0
Glyma18g49890.1,1,3.0,26.6,0,0
Glyma14g40320.1,1,4.0,30.2,0,2
Glyma14g40320.2,1,4.0,30.2,0,2
Glyma14g40320.3,1,4.0,30.2,0,2
Glyma06g03740.2,1,4.0,30.1,1,2
Glyma04g07080.1,1,4.0,29.3,1,0
Glyma04g03650.1,1,4.0,30.1,1,2
Glyma08g08680.1,1,2.5,35.4,0,3
Glyma17g37820.1,1,4.0,30.2,0,2
Glyma17g37820.2,1,4.0,30.2,0,2
Glyma13g03280.1,1,4.0,29.8,0,0
Glyma13g44070.1,1,3.5,33.4,0,1
Glyma05g25720.2,1,3.5,36.8,0,3
Glyma19g28700.1,1,3.5,31.8,2,1
Glyma03g32700.3,1,4.0,31.0,1,0
Glyma07g04750.1,1,4.0,30.1,0,0
Glyma07g16411.1,1,4.0,29.3,0,0
Glyma07g16411.2,1,4.0,29.3,0,0
Glyma07g16411.3,1,4.0,29.3,0,0
Glyma18g40617.1,1,4.0,29.5,0,0
Glyma18g40617.2,1,4.0,29.5,0,0
Glyma18g48890.1,1,4.0,31.9,1,0
Glyma18g04060.2,1,4.0,46.0,3,0
Glyma18g04060.3,1,4.0,46.0,3,0
Glyma18g05210.1,1,3.5,44.7,3,1
Glyma06g08920.2,2,7.0,68.2,2,0
Glyma04g08840.2,2,7.0,68.2,2,0
Glyma14g06320.2,1,4.0,29.4,2,2
Glyma12g06895.1,1,4.0,28.5,1,2
Glyma11g20930.1,1,3.5,34.1,0,1
Glyma11g14940.2,1,4.0,28.5,1,2
Glyma06g04230.3,1,4.0,29.0,1,0
Glyma06g04230.4,1,4.0,29.0,1,0
Glyma06g08990.1,1,4.0,29.9,1,0
Glyma06g13430.1,1,4.0,33.8,0,0
Glyma06g13430.2,1,4.0,33.8,0,0
Glyma04g04060.2,1,4.0,29.0,1,0
Glyma08g13570.1,1,4.0,31.1,1,0
Glyma08g24250.1,1,4.0,32.4,1,0
Glyma08g38160.1,1,3.5,32.0,0,1
Glyma08g13580.1,1,4.0,31.1,1,0
Glyma17g00807.1,1,4.0,29.3,1,0
Glyma17g37700.1,1,3.0,31.6,1,0
Glyma17g13800.2,1,4.0,29.5,1,0
Glyma17g13800.3,1,4.0,29.5,1,0
Glyma17g13800.4,1,4.0,29.5,1,0
Glyma13g31610.2,1,4.0,28.9,0,0
Glyma05g05660.1,1,3.0,30.0,0,0
Glyma15g07680.2,1,4.0,28.9,0,0
Glyma15g07680.3,1,4.0,28.9,0,0
Glyma03g37420.1,1,3.5,31.7,0,1
Glyma07g00270.1,1,4.0,32.4,1,0
Glyma07g03980.1,1,4.0,31.8,2,0
Glyma16g05390.1,1,3.0,32.6,0,0
Glyma16g05390.2,1,3.0,32.6,0,0
Glyma16g00910.1,1,4.0,32.6,1,0
Glyma18g29390.1,1,3.5,32.0,0,1
Glyma02g02590.3,1,3.0,24.7,0,2
Glyma02g02590.4,1,3.0,24.7,0,2
Glyma02g02590.5,1,3.0,24.7,0,2
Glyma02g07110.2,1,4.0,24.6,1,2
Glyma11g07300.1,1,4.0,27.4,1,2
Glyma06g10000.2,1,4.0,27.7,1,2
Glyma04g09950.1,1,4.0,27.7,1,2
Glyma04g09950.5,1,4.0,27.7,1,2
Glyma04g09950.3,1,4.0,27.7,1,2
Glyma04g09950.2,1,4.0,27.7,1,2
Glyma08g05050.1,1,4.0,28.0,0,2
Glyma17g01180.2,1,4.0,25.6,2,2
Glyma17g01590.1,1,4.0,25.6,1,0
Glyma05g34610.1,1,4.0,28.6,0,2
Glyma01g39780.1,1,3.5,30.5,0,1
Glyma01g38240.1,1,4.0,27.4,1,2
Glyma19g42260.2,1,4.0,25.2,1,2
Glyma03g02451.1,1,4.0,27.4,2,0
Glyma03g02451.2,1,4.0,27.4,2,0
Glyma03g02451.3,1,4.0,27.4,2,0
Glyma20g26440.1,1,4.0,27.9,0,0
Glyma10g27051.1,1,3.0,25.5,0,0
Glyma10g40870.1,1,4.0,27.9,0,0
Glyma10g40870.2,1,4.0,27.9,0,0
Glyma10g40870.3,1,4.0,27.9,0,0
Glyma10g40870.5,1,4.0,27.9,0,0
Glyma07g12680.2,1,4.0,25.0,2,0
Glyma07g12680.3,1,4.0,25.0,2,0
Glyma16g26090.1,1,4.0,24.6,1,2
Glyma18g16315.1,1,4.0,27.4,1,0
Glyma14g13792.1,1,4.0,27.8,0,0
Glyma14g31515.1,1,4.0,27.7,1,2
Glyma14g36025.1,1,3.5,33.0,1,1
Glyma11g29330.2,1,4.0,27.7,1,2
Glyma11g06170.2,1,3.5,28.3,0,3
Glyma11g06170.3,1,3.5,28.3,0,3
Glyma11g06170.4,1,3.5,28.3,0,3
Glyma06g07940.1,1,3.5,31.1,2,1
Glyma06g23920.2,1,4.0,29.4,2,2
Glyma06g23920.3,1,4.0,29.4,2,2
Glyma06g23920.4,1,4.0,29.4,2,2
Glyma06g24610.2,1,4.0,27.7,1,2
Glyma06g20930.1,1,3.5,28.6,1,1
Glyma04g07890.2,1,3.5,31.1,2,1
Glyma04g21450.2,1,4.0,29.4,2,2
Glyma04g21450.1,1,4.0,29.4,2,2
Glyma17g00880.2,1,3.5,32.4,1,1
Glyma17g00880.3,1,3.5,32.4,1,1
Glyma01g29873.1,1,4.0,27.6,1,0
Glyma15g37750.2,1,4.0,28.2,2,0
Glyma03g12251.1,1,4.0,27.7,1,2
Glyma20g29011.1,1,4.0,28.5,0,2
Glyma20g29011.2,1,4.0,28.5,0,2
Glyma10g23966.1,1,4.0,27.7,1,2
Glyma10g38730.1,1,4.0,28.5,0,2
Glyma18g40451.1,1,4.0,27.6,1,0
Glyma18g00730.1,1,4.0,27.1,2,0
Glyma02g12760.1,1,4.0,29.7,1,0
Glyma02g45380.1,1,3.0,35.3,3,0
Glyma06g06830.1,1,4.0,31.1,0,0
Glyma06g06830.3,1,4.0,31.1,0,0
Glyma06g06830.2,1,4.0,31.1,0,0
Glyma06g06830.4,1,4.0,31.1,0,0
Glyma17g03020.1,1,3.0,36.1,3,0
Glyma05g08781.1,1,4.0,33.5,0,0
Glyma01g36000.1,1,4.0,32.0,0,0
Glyma19g00280.1,1,3.0,34.2,0,0
Glyma09g00640.1,1,3.5,38.2,1,1
Glyma09g40130.2,1,4.0,30.6,1,0
Glyma09g40130.1,1,4.0,30.6,1,0
Glyma19g31160.1,1,3.0,35.0,1,0
Glyma13g21500.1,1,4.0,31.3,1,0
